art;sto
0 242 255 508;154
0 281 002 138;36
0 281 002 930;29
0 281 004 107;15
0 281 006 364;20
0 281 006 914;20
0 281 016 894;15
0 281 020 410;4
0 433 172 153;32
0 433 172 569;23
0 445 020 540;6
0 445 120 266;3
0 445 120 461;1
01153804;24
01153805;88
020-1117010;2
032-038-36-2-1;6
047-055-46-2-5;1
0501.301.353;1
051.1112110-1;34
095 003 906;1
1 110 010 013;116
1 110 010 013LS;55
1 110 010 028;520
1/02574/60;9
1/03033/60;25
1000002888;33
1000002888;69
1000023122;12
1000053446;2
1000053555;25
1000053555;237
1000053557;46
1000053557;643
1000053558;40
1000059155;1
1000081917;150
1000087872;2
1000129014;30
1000129290;3
1000137682;3
1000140289;189
1000175048;5
1000187557;12
1000195591;32
1000271249;79
1000272404;64
1000294688;31
1000294834;93
1000294834;1
1000295140;13
1000312598;25
1000317874;21
1000333365;56
1000345339;140
1000364299;12
1000370158;4
1000402861;2
1000409094;4
1000422382;70
1000422384;221
1000424655;199
1000424655;1
1000427575;100
1000428205A;43
1000447498;315
1000450457;810
1000491060;367
1000495068;48
1000509337;145
1000540502;15
1000543909;32
1000544065;170
1000549569;198
1000568236;157
1000570243;20
1000570245;4
1000570248;22
1000578844;24
1000585366;33
1000595272;33
1000595273;2
1000614648;10
1000632620;3
1000640323;2
1000665161;2
1000672111;12
1000672113;14
1000672989;16
1000672990;16
1000692961;8
1000693759;5
1000697504;65
1000700909;171
1000719455;53
1000721163;7
1000736512;117
1000743982;4
1000743983;12
1000747688;387
1000750131;144
1000766904;1
1000803691;10
1000858439;102
1000867950;11
1000879284;55
1000881645;11
1000903785;4
1000904147;4
1000905810;1
1000907017;5
1000927011;127
1000929191;2
1000964807;86
1000966796;3
1000967920;3
1001004037;63
1001007728;30
1001021232;3
1001045375;2
1001094476;60
1001104639;8
1001120353;88
1001137966;18
1001156966;28
1001162820;72
1001187115;3
1001187115;2
1001235787;8
1001243202;101
1001251573;17
1001270261;12
1001270262;323
1001330112;5
1001350155;51
1001359279;2
1001359279;12
10013610001;14
1001362240;62
1001362240;315
1001395201;1
1001397835;4
1001397838;1
1001397950;1
1001421244;12
1001421651;1
1001450793;9
1001458375;60
1001525023;35
1001539670;18
1001542896;1
1001556933;30
1001695706;5
1001703369;12
1001721624;17
1001735387;24
1001736691;2
1001740613;2
1001762096;15
1001767222;3
1001780874;20
1001780874;18
1001786462;16
1001806882;18
1001871559;11
1001903003;5
1001910416;57
1001926598;4
1001953524;6
1002003545;57
1002004064;161
1002006551;8
1002014660;9
1002018137;1060
1002018309;1
1002023031;11
1002050761;7
1002052027;15
1002053683;5
1002053684;4
1002059647;2
1002060838;4
1002070370;108
1002076682;94
1002109228;9
1002109228;7
1002191890;187
1002193440;1
1002230254;15
1002301352;16
1002307405;118
1002314626;10
1002345055;7
1002347082;21
1002365110;4
1002371265;6
1002427146;4
1002429882;35
1002431699;2
1002434191;4
1002461956;36
1002525223;80
1002552880;2
1002570666;12
1002580535;4
1002617091;5
1002743845;5
1002916798;44
1002950829;1
1003083657;10
1003162606;1
1003189325;39
1003243435;40
1003308082;47
1003321678;9
1003443858;12
1003494505;72
1003500131;17
1003513339;16
1003570122;1
1003570122;5
1003601809;1
10038880513;191
1004033673;11
1004126457;7
1004126458;8
1004257065;29
1004273762;3
1004273763;1
1004347977;1
1004529680;36
1004554149;36
1004559243;847
1004680552;3
1004695215;6
1004695215;14
1004764968;39
1004878645;5
1005011132;12
1005011132;12
1005040232;280
1005040233;144
1005040235;48
1005040237;48
1005101828;46
1005249141;6
1005422179;4
1005554866;11
1005856300;50
1005863993;12
1005864907;3
1005864937;1
1005866846;7
1006073288;195
1006105168;3
1006105168;7
1006124741;12
1006267880;8
1006462897;1
1006584327;2
1006763493;22
1006787555;227
1007146416;143
1007187279;1
1007927878;35
1008091644;60
1008735844;3
1008735852;7
1008750705;4
1008763278;25
1009277280;19
1009471272;14
1009643145;4
1009664879;18
1009931855;64
1010833687;4
1012001440;5
1012229139;1
1012229140;1
1012278031;13
1013133963;5
1016042716;18
1017149601;72
1017304426;15
1104308;10
1109-07207;3
11x10x1230;3
11x10x950;4
12151395;30
12152378;30
13021132;6
13023361;267
13023391;100
13032095;20
13034248;11
13054483;10
13055724;43
13056682;18
13057501;2
13057942;5
13059912;24
13065627;29
13065822;4
13067054;208
13068618;30
13069456;54
13074849;4
14010380Z;85
14010390K;96
17-1111110;2
17-1111150;3
172.1112010-11-1 ЗИ;2
182-1601130;2
182-1601183;4
182-1601198;1
182-1601273;4
183-1600020-80;1
183-1601195;1
185-1111055;1
18PK-1397;18
1AQ000-1306004;2
1TSJ00-1307100;3
2.15068;2
200274-П29;3
200276-П29;2
200471-П29;2
200V05504-0122;76
200V05504-0122F;34
201-1005034-B8;3
201-1012083;40
201-1015624;35
201-1017112;64
201-1017112;10
201-1117036-А;2
201-1117040;3
201-1117114;1
201-1117116-А;139
201-1117118;9
201-1117120;23
201-1722001;1
201462-П29;2
201466-П2;10
201499-П29;8
201V03905-0177;38
201V12503-0062;53
201V12503-0062F;1
202-1721088-40;9
202V06600-7025;2
204-1011371;4
204А-1117029;1
210-1701230;2
236-1000102-Б2-Р2;1
236-1000102-Б2-Р2;1
236-1000102-Б2-Р3;6
236-1000102-Б2-Р5;2
236-1000102-Б2-Р6;1
236-1000104-В2-Р2;2
236-1000104-В2-Р2;1
236-1000104-В2-Р3;1
236-1000104-В2-Р5;3
236-1000104-В2-Р6;2
236-1002024;97
236-1002040;55
236-1002258-А3;64
236-1002314-Б;1
236-1003113;11
236-1003210-В4;1
236-1003210-В5;124
236-1003270;3
236-1003292;19
236-1003330;2
236-1004003;1
236-1005160-А2;6
236-1007002-02;1
236-1007010-В2;1
236-1007015-В6;1
236-1007244-А;1
236-1007246-А;1
236-1007247-Б;1
236-1007248-А;2
236-1008050;31
236-1008050;116
236-1009040;11
236-1011014-В3;7
236-1011014-Г;6
236-1011352-В;2
236-1011363-Б2;2
236-1011398-В2;1
236-1011398-Г;2
236-1012001;3
236-1012100;1
236-1028001;6
236-1028122;28
236-1029240-Б2;2
236-1104001-16;5
236-1104308-B-6;6
236-1104308-Г;328
236-1104334;50
236-1104346-B;40
236-1104370-Б;205
236-1104384;49
236-1104422-В;27
236-1104426;31
236-1110049;2
236-1111614;55
236-1111614;57
236-1111620;18
236-1114002-05;5
236-1115021-B;7
236-1121090-А2;165
236-1306084;3
236-1307023;6
236-1307032-Б;3
236-1307048-А;10
236-1307048-Б;49
236-1307090;130
236-1307216-Г1;1
236-1308108;59
236-1308395;3
236-1601001-01;1
236-1601113;13
236-1601115-А;2
236-1601118;56
236-1601273-А2;4
236-1701051;2
236-1701063;2
236-1701075-A;8
236-1701145-А;2
236-2000005-02;1
236-3701025-Б2;1
236HE-1308012;92
236БЕ-1008043-В;1
236БЕ-1115020-Б;1
236М-1111083-А2;26
236Н-1002012-Ж;1
236Н-1118340-В;1
236НЕ-1003004-01;3
236НЕ-1003004-02;4
236НЕ-1307001-01;1
236НЕ-1308754-А;2
236НЕ2-1104426-40;2
236НМ-1014272;18
238-1000102-Б2-Р3;4
238-1000102-Б2-Р5;1
238-1000102-Б2-Р6;5
238-1000104-В2;1
238-1000104-В2-Р3;1
238-1000104-В2-Р4;6
238-1000104-В2-Р6;4
238-1003013-G3;96
238-1003210-В7;7
238-1003210-В7;4
238-1003270;6
238-1003290-В;3
238-1104308;110
238-1104308;1
238-1104346-Г;2
238-1104370-Б;145
238-1104384;5
238-1104422-B;62
238-1115021-B;1
238-1308012;187
238-1601130/131;2
238-1601304;2
238-1700002;2
238-1721033;2
238-1723026-01;24
2381-1701025;1
238BE-1308012;165
238АК-1005090;3
238Б-1013622-А;1
238Б-1013740;1
238Б-1029240;1
238Б-1029240-Б2;2
238б-1029438;1
238Б-1115026;1
238БМ-1111620;1
238М-1701009-40;1
238Н-1000002;1
238Н-1002314;1
238Н-1002402;3
238Н-1308012;1
238НБ-1001020-Б3;1
238НБ-1008054;26
238НБ-1308025;4
238Ф-1115132;5
238Ф-1118158;16
238Ф-1118225;10
239-1701462-02;1
240-1000001-02;5
240-1000104-В2;1
240-1000104-В2-Р1;3
240-1000104-В2-Р2;4
240-1002252;2
240-1003001-03;10
240-1003210-А3;22
240-1003210-А3;9
240-1003210-А3;14
240-1003218;154
240-1003270;1
240-1003340-В;11
240-1005576;5
240-1005586-01;2
240-1007176-A;1
240-1007245;3
240-1008027;72
240-1008027;20
240-1008098;18
240-1008098;12
240-1011400-А;1
240-1014147;3
240-1014148;1
240-1017002;8
240-1017122;409
240-1029276;14
240-1104300-B;41
240-1104308-G;9
240-1104308-Г-12;8
240-1104368;50
240-1104376;1
240-1104390-А2;32
240-1104433;1
240-1105010;5
240-1106210;1
240-1111226-01;9
240-1303176-В;2
240-1306054;1
240-1307023;2
2403065-NA9CR;5
2403066-NA9CR;5
240BM-1318110;38
240BM-1318120;32
240Б-1318210;8
240Н-1004005-А2;6
240Н-1008024-А;1
240Н-1008098;30
240Н-1008504;8
240Н-1011351;1
240Н-1011420-А;8
240Н-1111430;1
240Н-1115128-А;1
240Н-1115130-А;1
240Н-1118340-Г;8
25 3111 2162;2
25 3111 6319;3
250511-П29;53
250512-П29;8
250513-П29;10
250659-П29;6
252004-П29;20
252007-П29;23
252138-П2;1
253-1112069;50
271-1112110-01;1
273-1112110-20;264
2882674;33
296576-П29;1
310129-П2;6
310225-П29;1
310236-П29;2
311423-П5;5
311423-П5;63
311819-П29;3
312310-П34;391
312326-P;952
312326-П34;71
312367-П;456
312382-П;2473
312384;31
312399-П2;60
312466-П2;3
312472-П34;937
312630-П;3
312768-П;56
314004-П2;4
316169-П29;2
33-1110026;81
33-1110049;2
33-1111083;114
33-1112110-230;6
33-1112110-240;25
33-1112110-250;4
33-1112110-250;62
33-1112110-260;28
33-1112110-280;13
330205000728;4
330205000729;20
330205000730;28
330210000069;79
33098120327210;1
331002000153;24
331002000366;35
332-1111150;7
333-1121010-11;2
335-1112110-120;11
335-1112110-140;150
335-1112110-50;4
335-1112110-60;6
335-1112110-60;73
335-1112110-70;38
336-1704003;1
337-1111150-11;63
3406889;48
3482 123 839;1
3502090-NA15X;8
3502107-ZK99AB;31
3550053-NA09G;30
410800030003;10
410800040009;236
410800040029;43
410800050007;3
410800070068;18
410800070080;5
410800110222;2
410800150031;12
410800190039;3
42-1111386;1
423-1110001;3
423-1110924;5
4310-3103082;1
45 7371 0697;1
45 7371 9771;1
45 9348 1571;6
45 9824 6266;1
4976251;48
4995266;16
4995266;16
4УТНМ-Т-1111002-05;1
5001855521;90
5001858533;4
5272201/4976250/5311011;66
5340-1000001-05;14
5340-1000102;13
5340-1000104;7
5340-1002012-10;1
5340-1002031-10;547
5340-1002031-10;706
5340-1002075;8
5340-1002246-01;18
5340-1002266;71
5340-1002405;20
5340-1003010-10;1
5340-1003108;2
5340-1003108;148
5340-1003110;118
5340-1003112;154
5340-1003112-12;99
5340-1003114-10;3
5340-1003114-10;3482
5340-1003270;108
5340-1003278-10;56
5340-1005010;2
5340-1005118;3
5340-1005128;72
5340-1005194;137
5340-1006010;2
5340-1006032;12
5340-1006034;6
5340-1007010;1
5340-1007012;4
5340-1007025;4
5340-1007028;110
5340-1007032;125
5340-1007090-01;2
5340-1007168;1
5340-1007174-01;114
5340-1007262;41
5340-1007262;1551
5340-1008504;16
5340-1009040;1
5340-1009294;278
5340-1011014-02;13
5340-1011048-01;1
5340-1011058-10;2
5340-1011296;14
5340-1011296;25
5340-1012075-04;20
5340-1012100;83
5340-1012100;7
5340-1012127;2
5340-1013397;2
5340-1013640;324
5340-1013682;57
5340-1013682-10;51
5340-1013684;389
5340-1013762-10;69
5340-1013762-10;516
5340-1104430;24
5340-1104431;20
5340-1112010;1
5340-1112010-20;30
5340-1112173;4
5340-1112404-12;1
5340-1115026;30
5340-1117075-01;123
5340-1117097-20;9
5340-1117300;22
5340-1117304;347
5340-1118158;1
5340-1118188-10;15
5340-1118258;8
5340-1118325;136
5340-1118340-10;13
5340-1213024;2
5340-1213026-10;1
5340-1213027;24
5340-1213032;20
5340-1213034;55
5340-1213038;244
5340-1213044;296
5340-1213054;112
5340-1213066-10;63
5340-1213070;86
5340-1303121-10;85
5340-1303121-10;20
5340-1303322;11
5340-1303322;296
5340-1303324;30
5340-1303324;3
5340-1308170-10;10
5340-3509401;138
5340-3509508-10;1
5340-3763142;2
534008-1203027;78
53403-1118010;1
53403-1118220-10;2
53403-3724012;1
53403-3724012-10;3
53404-1004012-20;1
53404-1112010;1
53404-1112010;18
53404-1112640;3
53404-1115285-10;3
53404-1118010;3
53404-1118220;3
53404-1130580;3
53404-1130590;15
53404-1130600;1
53404-1303100;1
53404-3707015-10;6
53404-3707015-11;12
5341-1011048;1
5341-1012075-04;5
5342-1104430;6
5342-1104431;6
53423-3724012-35;5
5343-3770043;3
53443-1004006-20;3
53443-1004022;272
53443-1112150;3
53443-1112407-10;3
53443-1213036-10;10
53443-3724012-50;2
53444-3724012-20;1
53445-3724012-22;1
5347-1118340;6
5347-3509253;12
535-1003206;3
535-1004006;6
536-1000001-05;1
536-1000102;11
536-1000102-Р1;1
536-1000104;10
536-1000104-Р1;1
536-1002012-10;1
536-1003010-10;2
536-1003010-50;5
536-1003270;1
536-1005010;2
536-1009047-03;2
536-1011398;1
536-1014082;1
536-1104382-10;4
536-1104410;3
536-1112303-20;1
536-1112401-12;12
536-1112402-12;6
536-1112403-12;7
536-1112405-12;4
536-1115285;302
536-1115288;357
536-1117010-20;2
536-1117075-04;20
536-1118158;60
536-1118258-10;47
536-1203282;1
536-1213026-10;1
536-1308011-10;3
536-1308012;2
536-3509010-10;1
536-3724010-11;5
536-3724012-01;3
536-3724017-11;1
537-1003206;3
5440В9-1309016;1
5477660;28
6-7506А;10
60-1110065;34
60-1111060-04;2
60-1111062-12;1
609070080;63
610800010008;6
610800010009;9
610800010010;4
610800010014;290
610800010018;14
610800010027;9
610800010037;11
610800010040;3
610800010099;163
610800010206;182
610800010220;8
610800010503;1
610800010503;149
610800020009;40
610800020208;20
610800030020;156
610800030022;20
610800030024;180
610800030035;6
610800030040;21
610800030073;6
610800030073;48
610800030075;148
610800030083;1
610800030083;38
610800040013;78
610800040019;894
610800040021;9
610800040023;77
610800040023;11
610800040047;56
610800040080;56
610800040084;52
610800040108;8
610800040109;8
610800040117;40
610800040183;58
610800040205;3
610800040211;3
610800040219;4
610800040229;143
610800040279;4
610800040301;29
610800040324;190
610800050009;38
610800050010;24
610800050029;60
610800050030;5
610800050032;96
610800050049;4
610800050050;2
610800050053;2
610800050085;16
610800050120;2
610800050122;43
610800050156;4
610800060085;8
610800060191;22
610800060196;50
610800060204;4
610800060252;105
610800060280;9
610800060380;17
610800060431;7
610800060494;3
610800060597;8
610800060627;15
610800070197;7
610800070306;24
610800070391;1
610800070436;9
610800080002;3
610800080006;4
610800080031;54
610800080072;3
610800080073;10
610800080985;5
610800090029;6
610800110005;70
610800110006;80
610800110324;215
610800110868;1
610800130194;9
610800130216;10
610800150063;6
610800150098;20
610800190010;93
610800190624;4
610800220244;1
611600010012;32
611600010013;59
611600010019;18
611600010062;35
611600010063;10
611600030006;26
611600030007;5
611600030015;34
611600030040;40
611600040004;122
611600040005;7
611600040006;30
611600040010;1
611600040013;24
611600040014;20
611600050020;24
611600050033;20
611600050048;22
611600050089;24
611600060004;4
611600060006;7
611600060020;33
611600060024;3
611600060025;13
611600060029;19
611600060031;11
611600060038;26
611600060086;4
611600070100;1
611600080036;10
611600110045;19
611600110145;2
611600110190;3
611600150006;21
61200040023;36
612600010990;24
612600012064;4
612600012208;7
612600014193;10
612600020208;2
612600020354;3
612600030010;6
612600030033;30
612600030051;5
612600030053;6
612600030054;21
612600030114;19
612600030116;5
612600040113;168
612600040114;12
612600040355;120
612600040452;2
612600040634;22
612600040639;19
612600040646;48
612600040646;72
612600050073;6
612600061256;11
612600061332;10
612600061349;3
612600061730;22
612600062253;5
612600062413;6
612600062532;10
612600080200;34
612600080246;110
612600081585;2
612600082029;2
612600090460;59
612600090479;1
612600090682;47
612600090766;6
612600090766;7
612600090985;5
612600091027;1
612600110456;199
612600110540;20
612600111113;16
612600112442;175
612600114275;121
612600115353;100
612600115514;48
612600116551;134
612600150106;45
612600150367;3
612600190243;15
612600190763;14
612600190993;48
612600191261;1
612600191988;2
612600192176;731
612600900276;2
612600900277;2
61260110048;22
612630010015;48
612630010050;3
612630010055;105
612630010057;100
612630010065;2
612630010075;36
612630010106;12
612630010107;91
612630010173;29
612630010256;3
612630010566;11
612630010660;10
612630020010;185
612630020010;12
612630020019;6
612630020025;59
612630020029;96
612630020038;2
612630020130;136
612630020152;24
612630020214;212
612630030007;10
612630030007;224
612630030009;82
612630030311;13
612630030405;3
612630040001;5
612630040002;310
612630040022;102
612630040028;33
612630040029;3
612630040072;20
612630040075;30
612630040076;30
612630040117;61
612630040117;297
612630040138;4
612630040144;33
612630040146;9
612630040167;36
612630040181;2
612630040246;6
612630040246;5
612630040250;246
612630040265;526
612630040269;11
612630050001;179
612630050002;186
612630050005;200
612630050009;42
612630050011;24
612630050012;30
612630050013;15
612630050014;2
612630050018;12
612630050061;1
612630050075;60
612630050100;84
612630050146;96
612630050147;18
612630060015;8
612630060039;2
612630060057;6
612630060067;61
612630060068;26
612630060248;2
612630060414;9
612630060537;9
612630060836;1
612630060838;10
612630060881;7
612630061037;34
612630061046;38
612630061061;11
612630061126;32
612630080580;2
612630090006;82
612630090007;136
612630090012;12
612630090028;3
612630090055;18
612630110002;184
612630110024;124
612630110070;33
612630110710;269
612630110710;2
612630110716;4
612630110725;56
612630110736;3
612630110942;88
612630110942;2
612630120002;62
612630190017;8
612639000014;20
612639000039;39
612639000047;19
612639000064;85
612639000072;120
612639000087;2
612640020020;4
612640060023;4
612640060111;13
612640060150;19
612640060235;102
612640080004;2
612640120043;2
612640130013;9
612640130198;5
612640130648;13
612640130719;5
612650020002;17
612650040011;3
612650040023;90
612650040044;10
612650080075;1
612650110003;83
612660010031;13
612700010010;30
612700010021;2
612700010150;16
612700020061;108
612700020061;1
612700020078;5
612700040018;24
614010086;48
614040021;30
614060135;10
614150004;1
61460110056;36
61500010344;24
61500050032;20
61500060226;1
61500060226;2
61500110024;20
61560010029;12
61560020029;5
61560030013;30
61560040057;22
61560080305;7
61560110210;9
61560110242;100
61800010113;2
61800030041;6
61800050151;37
61800060172;29
6462669;1
650-1000104;2
650-1001013;1
650-1002011;5
650-1002016;4
650-1002021;1
650-1002023;34
650-1002024;180
650-1002031;214
650-1002260;1
650-1002312;1
650-1002602;100
650-1002700;2
650-1003012;10
650-1003017;21
650-1003017;8
650-1003256;3
650-1003540;8
650-1004002;1
650-1004013;1
650-1004022;2
650-1004032;4
650-1004121;288
650-1005010;23
650-1005033;2
650-1005041;108
650-1005161;3
650-1005171;5
650-1006015;10
650-1006037;2
650-1007008;19
650-1007012;42
650-1007020;28
650-1007024;38
650-1007088;8
650-1007180;1
650-1007210;2
650-1007262;1000
650-1007262;14
650-1008027;50
650-1008027;2
650-1009010;12
650-1009050-01;24
650-1009058;15
650-1009076;31
650-1009077;7
650-1009404;165
650-1009408;10
650-1011560;274
650-1012075;1
650-1012075;167
650-1013638;156
650-1013642;172
650-1014602;7
650-1014606;118
650-1014608;129
650-1028010;101
650-1028180;272
650-1111005-20;1
650-1111047;137
650-1112010;1
650-1112010;4
650-1112230;2
650-1112433;3
650-1115021;6
650-1115026;5
650-1115027;21
650-1115132;44
650-1115436;153
650-1117039;153
650-1118158;19
650-1118258;7
650-1118322;65
650-1118434;146
650-1130544;1
650-1130552;1
650-1130556;17
650-1130556;115
650-1303018;39
650-1303186;29
650-1303248;132
650-1303314;160
650-1306058;372
650-1306100;3
650-1307048;17
650-1307048;31
650-1308020;12
650-2000005-01;3
650-3407153-03;1
650-3509009;30
650-3509009;2
650-3509075;118
650-3570184;1
650-3701032;10
650-3708010;1
651-1008026;1
651-1112010-10;36
651-1112154;2
651-1213040;2
651-1213075;6
651-3570010;1
651-3740068;5
6561-2000005-01;1
6562-1104440;11
6562-1104440-10;3
6565-1112410;1
658-1306054-01;491
6582-1014275;16
6582-1306070-01;124
661.3710;7
680340065;10
69455043;1
6PK-1010;1
6PK-890;6
6PK955;5
700-00.10.070-1;6
701-10.00.019;30
740-1005160-01;3
7511-1002001-02;1
7511-1003001;4
7511-1003004;2
7511-1003004 Ф/С;2
7511-1003004-02;6
7511-1003108;8
7511-1003212-20;4
7511-1003213;623
7511-1003264-02;1
7511-1004005-40;9
7511-1004022;8
7511-1005052;1
7511-1007010;1
7511-1008001-05;1
7511-1013724;9
7511-1104308-10;55
7511-1104308-20;10
7511-1104308-20;27
7511-1104344;4
7511-1104370-10;24
7511-1104434;179
7511-1115036;59
7511-1303268;2
7511-1307001-01;1
7511-1307216-01;1
7601-1013734-01;14
7601-1104001;1
771-1111150;20
771-1111150;2
8.8396;1
8.8805-1308014;13
8.8805-1308020;8
8.8885-1308014;8
8.8885-1308020;31
8.8914;2
8.8915;3
8.8973;23
8.8994;2
8.8995;6
8.9088;66
8.9177;1
8.9209;33
8.9213;14
8.9228;10
8.9234;2
8.9343;1
8.9716;3
805-1111007-30;1
81400010032;20
81500010046;7
81500020009;3
81560030012;66
82-20603-SX;9
840-1002265;4
840-1003212-30;8
840-1003213;7
840-1003213-03;12
840-1003510;4
840-1004064;6
840-1007118;6
840-1009072;13
840-1011296-10;6
840-1011366;8
840-1012083-10;60
840-1012083-20;3
840-1012298-10;39
840-1014128;9
840-1028025;14
840-1105002-01;1
840-1115026;8
840-1117114;1
840-1117186;4
840-1303082;1
840-1303268;6
8401-1004022;2
8401-1008025;1
8401-1008026;1
8401-1115334;7
8401-1118220-20;3
8401-1170256-01;1
8401-1303300-10;1
841-1318186;2
842-1104373-10;6
842-1303168-21;1
8421-1004002;1
8421-1004002;1
8423-1008504;4
8424(8481)-1104308-8;18
8463-1307010-03;1
8481-1318006;2
850-1009072;14
8973280581;1
9*16-2;100
90003800579;58
90003901409;10
90003989721;2
90011400039;150
90016020020;2
90017510083;72
904-1112110;1
905-1112110Д;1
99.KTR.01;245
9РК-1690;2
A1A00-1118002;52
A3501110L/R-06-SH01;10
AZ1500070021A;4
BV108A03;173
BV126A14;6
BV126A19;24
BV127C22;144
CLS110M08SL;214
Cumins ISF 2.8 Е-3/Е-4 (N);1
Cumins ISF 2.8 Е-3/Е-4 (P);1
D4300-3705071B;256
DFT1903;19
DKB900-3708100A;4
DP 0 281 006 914;14
DP 1 110 010 013;100
DP 1 110 010 028;375
DP F 00N 010 082;187
DP-G2S0B-1118100-135;1
DP-J3C00-1118100-135-01;5
DP-KJ100-1003001A-W1;2
DP-LMD01-1118100-135;17
DP-LMEMC-1002450SF1;11
DP-VG2600060313;27
DP1000175048;22
DP1000258154;296
DP1000694241;59
DP1000712812;5
DP1000804126;6
DP1000874378;2
DP1000889077;8
DP1000904146;14
DP1000904147;8
DP1000904147-BS;42
DP1000929191;1229
DP1001103451;11
DP1001319530;187
DP1001856023;6
DP1002027001;19
DP1003310775;17
DP1003374135;5
DP1003807321;62
DP1004893104;14
DP1005063162;40
DP236-1005121;598
DP236-1007010;251
DP236-1007015;1709
DP238-1003010-G2;4
DP330201000501;52
DP36-87-01;2
DP38555-01;26
DP410800110124;16
DP510002110;5
DP5340-1002021;873
DP5340-1003206-10;38
DP5340-1003260;1490
DP5340-1003270;58
DP5340-1003270-01;121
DP5340-1003278-10;2201
DP5340-1004002;1728
DP5340-1004006;69
DP5340-1004013;639
DP5340-1004020;39
DP5340-1004022;450
DP5340-1004045-01;197
DP5340-1004045-02;3
DP5340-1004045-03;1
DP5340-1004052;56
DP5340-1005033;11
DP5340-1005161;80
DP5340-1007010;1904
DP5340-1007012;3149
DP5340-1007180;1446
DP5340-1011014;47
DP5340-1013650;23
DP5340-1111674;151
DP5340-1112230;147
DP5340-1213026-10;255
DP5340-1308110-001;274
DP5340-178;98
DP5340-2000005-05;6
DP5340-8114120;140
DP53404-1004002;168
DP53404-1004006;12
DP53404-1004012-20;20
DP53404-1112640;123
DP53404-1130548;3
DP53404-1130564;22
DP53404-1130580;5
DP53404-3707004;4533
DP53404-3707010;651
DP53404-4411538;410
DP53404-552;5772
DP5341-1111674;147
DP5344-1308010;7
DP5344-1308012;29
DP53443-1003206;104
DP53443-1112150;326
DP53443-1118010-10;47
DP53443-1118010-40;11
DP53443-460;5
DP536-1003206-10;17
DP536-1003260;434
DP536-1003270-01;178
DP536-1005118;35
DP536-1011014;48
DP536-1013650;29
DP536-1118010;2
DP536-1213026;315
DP536-1307010-10;197
DP536-1307010-30;151
DP536-1308010;10
DP536-1308012;20
DP536-1308014;20
DP536-2000005-01;4
DP53602-3407010-13;12
DP53604-1115037;14
DP53604-1118010;4
DP5700-1107140-01;46
DP5700-1107240-01;882
DP5700-1107240-02;740
DP610800020109;15
DP610800040023;187
DP610800040186;156
DP610800040229;126
DP610800050049;104
DP610800050050;61
DP610800050085;23
DP610800050086;62
DP610800060397;69
DP610800060494;85
DP610800060649;39
DP610800080002;48
DP610800110554;816
DP611600050047;60
DP611600050048;60
DP611600060025;32
DP612600020208;6
DP612600040355;30
DP612600061332;14
DP612630020051;5
DP612630030127;12
DP612630040007;3719
DP612630050001;103
DP612630050002;32
DP612630060489;25
DP612630060836;13
DP612630060838;16
DP612630060881;120
DP612630060972;168
DP612630060973;80
DP612630061099;14
DP612630061100;139
DP612630090004;78
DP612640020020;1
DP650-1000102;260
DP650-1000104;95
DP650-1001020;452
DP650-1003016;315
DP650-1003017;302
DP650-1003108;133
DP650-1003110;20
DP650-1003112;549
DP650-1003114;40
DP650-1003210;292
DP650-1003256;11
DP650-1003270;213
DP650-1003540;343
DP650-1004013;77
DP650-1004022;1564
DP650-1004045-01;38
DP650-1004045-02;2
DP650-1004045-03;2
DP650-1004118;12
DP650-1005033;71
DP650-1005118;23
DP650-1005157;125
DP650-1005161;73
DP650-1005193;88
DP650-1005194;104
DP650-1006037;112
DP650-1007008;424
DP650-1007012;354
DP650-1007032;1314
DP650-1007033;1074
DP650-1007176;109
DP650-1007180;735
DP650-1007205;81
DP650-1007211;163
DP650-1008027;129
DP650-1009040;30
DP650-1009077;864
DP650-1013600;11
DP650-1013600-01;14
DP650-1013620;517
DP650-1013650;15
DP650-1013652;392
DP650-1028101;195
DP650-1106210;21
DP650-1111674;193
DP650-1112154;518
DP650-1112230;26
DP650-1118010;1
DP650-1118158;371
DP650-1118220;153
DP650-1118340;117
DP650-1130540;61
DP650-1130552;62
DP650-1203020;330
DP650-1303150;61
DP650-1306100;83
DP650-1307013;102
DP650-1307013-01;44
DP650-1308010;3
DP650-1308012;20
DP650-1308025;11
DP650-1308110;93
DP650-2000005-01/02;7
DP650-3408153;89
DP650-3509280;47
DP650-3701010;2
DP650-3701715;38
DP650-3708010;10
DP650-8114110;18
DP651-1004002;219
DP651-1004005;21
DP651-1004013;60
DP651-1004020;69
DP651-1011014;60
DP651-1118010;35
DP651-1213045;346
DP651-1213100;301
DP651-1307010;65
DP651-1307010-01;1
DP651-1307010-РК;7
DP651-1308012;27
DP651-1308014;22
DP651-325;25
DP6600-1107240;54
DP8.9134;9
DP8.9284;7
DP8.9447;3
DP840-1007010-21;457
DP840-1007012-21;519
DP8980895960;32
DP9.1116;50
DP902X;84
DPAVX10-913;41
DPAVX14-13-1320;32
DPHD90009348108;10
DPJ3C00-3705061A;35
DPK1A00-3705061A;60
DPM2D00-3705061;70
DZ90009340040;9
DZ90009340053;7
DZ9009340030;40
DZ9100440077;4
DZ9100440078;4
DZ9112340369;40
E0211-3701100;1
F 00N 010 082;191
F 00R J01 028;165
F 00R J01 452;2607
F 00R J01 453;31
F 00R J02 429;55
F00VC05001;122
FG200-1205970;5
G2S0C-4508100B;2
G3K00-1003201;30
G3R00-1003105;188
G3R00-1004040(B);9
G3WQA-1004007-H;16
G4700-1003001-085;19
G4A00-1307001;8
G4R00-3705071A;3
G6400-1004002C;1
HD90009410205;9
HD90009410208;5
HD90009410212;20
HD90009440032;16
HD90009440083;20
HD90009448025;5
HD90009448026;4
HD90009448140;3
HD90129328596;15
HD90129348160;29
HD90129348166;200
HLP3501B1-060-XLB;40
ISF 2.8;1
J3C00-3705070SFI;10
J3C00-38231N0A;10
J5700-3823140A;22
JA5YA-38231G0;56
JY31FS7B-03080;10
JY3502N-102;10
K1-1708-000;1
K112844K50;15
K1A00-1113940;274
K2100-1105350;2
K2747;238
K36-87-01;14
K3M00-1113H64;143
K6000-1003001B-386;3
KJ100-1003201B;34
L3000-1002011-P*;2
L3000-1002360;1
L3000-1007090C;30
L3000-1009001A;16
L3000-1600019B;5
L3000-9000100В;5
L3002-1009080B;19
L3002-1118340C;4
L30L2-3708100;2
L33L2-3407100B;6
L4700-1003001SF1-386;1
L4700-1003001SF1-386;3
L4700-1005001;6
L4700-38231G0;9
L5200-1002460;5
L520L-1002460;57
L53QA-1306004;2
L6200-1002204;7
L6200-1306002;8
L62YB-3701100;6
L62YS-1307100A-U;8
LF180018PMX;55
LK100-1002106B;12
LM100-3705071;496
LN100-1003103B;28
LN100-1003111B;33
LN100-1003170G;1
LN100-1003201;34
LN100-1004040;1
LN100-1006001A;8
LN100-3705002;88
LNC0A-1118240;10
LND00-1003105;14
LND00-3705002;100
LNE00-1004001D;21
LNE00-1004004;28
LNE00-1004007-H;1
M2A00-3705002A;14
M2A00-3705002A;92
M6000-1002460;39
MM100-3705070;4
MN200-1002450;8
MS40D-1002460SF1;30
MY100-1118100A-135;2
MY200-38231L0;17
MY800-3705002;260
MY800-3705071;184
p29292931;10
R81034;6
ST21351;160
SZ919000895;54
T7A00-1105140;5
W11102;41
WG9725191102;46
WVA29087;20
YC208-C03550S;18
YC208-K01400F;1
YC209-C070090PR;18
Z20140023;167
ZT57-4;167
Герметик daukorning 7091;172
Герметик Автосил;7
Масло моторное 208l;3
Смазка силиконовая;596
ТС 107-1306100-05;8
ФТ 024-1117010 TSN 9.3.55;6