Номенклатура.Артикул;Остаток
238НД5-1000186;1
8435.1000175-15;1
181-1601115;3
201-1005034-Б6;9
236-1002261-Г2;7
236-1002315;9
236-1003016-Б;1
236-1005061-Б;7
236-1005160-А6;15
236-1007026-Б;32
236-1007176-А2;112
236-1007242;266
236-1007244-А;82
236-1028010-А;79
236-1029264-Г;2
236-1029268-Г;15
236-1106288-В;50
236-1111620;40
236-1306084;60
236-1308104-В;30
236-1601180-Б2;180
236-1701040-А2;11
238-1601093;3
238П-1111614;4
312471-П;4
658-1012010;85
7511-1006214-10;12
1509.1701053;1
1509.1701127;1
1509.1701132;2
1509.1702035;12
181.160113;3
182.160109;4
182.1601090-05;4
182.160112;1
182.1601125;2
182.1601130-10;7
182.1601187;52
182.1601193-02;7
182.1601199-01;6
182.1601273;7
182.1601275;1
183.160109;4
183.1601090-05;9
183.1601180-01;2
183.1601195;30
183.1601197;5
183.1601203;3
1830.1601203-01;3
184.1601015;1
184.160109;1
184.1601115;1
184.1601130-10;18
184.1601135;8
184.1601203;9
184.1601216;5
184.1601273-71;5
184.4200004;3
184.4200011;1
1846.160118;2
187.160109;9
187.160113;5
187.4200002;1
187.4200095;1
187.420013;4
200-1701060;2
200271-П29;161
200274-П29;471
200276-П29;581
200315-П29;100
200320-П29;46
200325-П29;82
200326-П29;44
200333-П29;48
200377-П29;20
200404-П29;50
200461-П29;2
200463-П29;14
200853-П29;25
201-1007194;3
201-1012083;157
201-1015624;34
201-1105516;8
201-1114060-А;17
201-1117120;3
201-1306075-А;72
201.1701035;3
201420-П29;108
201454-П29;882
201456-П29;805
201456-П29ГМ;1348
201458-П29;1348
201464-П29;869
201466-П29;851
201495-П29;2
201499-П29;1385
201501-П29;86
204-1011370-Б;5
204А-1011310-В;2
204А-1011318-Б;3
204А-1105510-Б;2
204А-1117029;4
216233-П29;34
216235-П29;292
216259-П29;36
216262-П29;23
216533-П29;1
216626-П29;5
236-1000102-Б2;9
236-1000102-Б2-Р1;1
236-1000102-Б2-Р2;15
236-1000102-Б2-Р3;4
236-1000102-Б2-Р6;1
236-1000104-В2;12
236-1000104-В2-Р2;1
236-1001020-А4;3
236-1002023;49
236-1002024-А;79
236-1002261-В2;3
236-1002261-Г2;4
236-1002272;5
236-1002282-Б;24
236-1002283;1
236-1002315;4
236-1002318;25
236-1002333;3
236-1002404;146
236-1003009;6
236-1003013-Ж4;2
236-1003016-Б;54
236-1003108-Б;82
236-1003110-В4;40
236-1003112-В;26
236-1003112-Г;4
236-1003113;16
236-1003114-В;1
236-1003114-В2;7
236-1003114-Г;2
236-1003210-В7;1
236-1003244-А;3
236-1003256-Б2;9
236-1003270;4
236-1003272;6
236-1003290-В;1
236-1003290-Д;3
236-1003291-В;4
236-1004002-А4;65
236-1004005;55
236-1004005-Б2;41
236-1004020-01;270
236-1004022-Б;229
236-1004045-Б3;55
236-1004052-Б2;242
236-1005009-Ж;1
236-1005042;7
236-1005055;2
236-1005056-А;9
236-1005061-Б;2
236-1005061-В;4
236-1005115-Л;1
236-1005115-Н;2
236-1005115-Н4;2
236-1005125-В2;4
236-1005128-А;102
236-1005129-Б;22
236-1005160-А6;3
236-1005169;10
236-1005180-А1;27
236-1005181;35
236-1006015-Г3;3
236-1006026-А;21
236-1006037-А;51
236-1006236-Б;5
236-1007010-В2;247
236-1007015-В6;238
236-1007024-В;73
236-1007026-Б;98
236-1007028-А;416
236-1007091-Б2;18
236-1007103-А;27
236-1007118-В;55
236-1007144-В2;126
236-1007148-Б;578
236-1007176-А2;67
236-1007186;75
236-1007239;2
236-1007242;7
236-1007244-А;6
236-1007247-Б;4
236-1007262;398
236-1008022-В;1
236-1008050;5
236-1009010-А;4
236-1009010-Г2;3
236-1011014-Г;1
236-1011056-А;1
236-1011098-В;2
236-1011296;6
236-1011320;10
236-1011322;12
236-1011352-В;22
236-1011352-Г;2
236-1011358-А;3
236-1011380;32
236-1011398-В2;2
236-1011398-Г;2
236-1011398-Д;2
236-1011420-В;3
236-1011420-Г;2
236-1012027-А2;1
236-1014104;1
236-1022815;1
236-1028031-А2;1
236-1028162;71
236-1028180;3
236-1028250-Б;11
236-1029122-А;2
236-1029123;2
236-1029154-В;8
236-1029260-Г;1
236-1029264-Г;1
236-1029274;35
236-1029286-Б2;4
236-1029300-А;9
236-1029300-Б;3
236-1104334;42
236-1104334-40;4
236-1104346-В;2
236-1104346-В2;1
236-1104346-Д;2
236-1104370-Б;28
236-1104370-В;9
236-1104384;23
236-1104384-Б;1
236-1104384-Ж;23
236-1104422-В;4
236-1104422-Г;1
236-1104422-Е;7
236-1104426;11
236-1104426-В;14
236-1104426-Г;3
236-1104426-Е;1
236-1104426-Ж;4
236-1104429;3
236-1104430;7
236-1104440;3
236-1104441;42
236-1104630;4
236-1109080-А;6
236-1111614;6
236-1111620;6
236-1112163-Б2;52
236-1115024;1
236-1115026;21
236-1115030-В;2
236-1115032-В;5
236-1115034-Б;3
236-1115040;20
236-1306053-А;15
236-1306080-А2;18
236-1306080-Б;1
236-1306084;2
236-1306084-А;13
236-1307010-Б3;6
236-1308104-Б2;1
236-1308104-В;4
236-1308107-А;10
236-1308108-Б;8
236-131Т;13
236-1601030-А2;30
236-1601110-В;1
236-1601120;1
236-1601216-Б2;11
236-1601230-А;1
236-1701009-Б;1
236-1701020;1
236-1701040-А2;3
236-1701043-Б;1
236-1701048-Б;11
236-1701050;1
236-1701051;2
236-1701057;2
236-1701063;1
236-1701067-А;4
236-1701087;1
236-1701092;4
236-1701105-Б;3
236-1701112-Б;3
236-1701113-Б2;1
236-1701122-А;2
236-1701127;2
236-1701131;1
236-1701135;4
236-1701138;14
236-1701144-Г;1
236-1701145-А;3
236-1701150-Б2;7
236-1701151-А;2
236-1701230;4
236-1701240-10;3
236-1701240-Б2;3
236-1701243;2
236-1701476-Б;1
236-1702010-Б;1
236-1702027;2
236-1702033;2
236-1702074;4
236-1704010-А;1
236-3701774;3
236-3708702-Б;3
236-3708702-В;3
236-3708704-Б;13
236-3708720;2
236-3906004-10;1
236-4200090;3
2361.1701200-10;1
236БЕ-1008042;3
236БЕ-1008042-В;1
236БЕ-1008088;2
236БЕ-1008358-А;3
236БЕ-1008482-Г;1
236БЕ-1008524-В;1
236БЕ-1111430-А;3
236БЕ-1111558;3
236БЕ-1111558-Б;1
236БЕ-1111620;2
236БЕ-1115014;1
236БЕ-1115020;3
236БЕ-1115020-Б;2
236БЕ-1115021;1
236БЕ-1115021-Б;3
236БЕ-1115030;2
236БЕ-1118220-Г;1
236БЕ-1118340-Б;1
236БЕ2-1308010;2
236БК-1308010;2
236БК-1308011-Б2;1
236Д-1003013-А;4
236Д-1003210;10
236Д-1003212;20
236Д-1005009-Б;1
236Д-1005121;1
236Д-1005127;86
236Д-1008482;1
236Д-3701790;2
236ДК-1009010;1
236Н-1008022;3
236Н-1008482;2
236Н-1011425;1
236Н-1013630;11
236Н-1111558;1
236Н-1115012;1
236Н-1118340;4
236Н-1701027-Б;1
236Н-1701056-А;2
236Н-1702114;5
236НД-1009010;2
236НД-1308011-Б;1
236НЕ-1005061-Б;1
236НЕ-1104308-А;2
236НЕ-1104310-А;2
236НЕ-1104312-А;2
236НЕ-1104314-А;2
236НЕ-1104316-А;2
236НЕ-1104318-А;2
236НЕ-1104320-А;2
236НЕ-1115012;1
236НЕ-1115059-10;1
236НЕ-1115128;2
236НЕ-1308011-Ж;1
236НЕ-1308011-И;3
236НЕ-1308050-Г;1
236НЕ-1308754-А;4
236НЕ-1309065;2
236НЕ2-1022826-40;2
236НЕ2-1104384-40;1
236НЕ2-1104422-40;1
236НЕ2-1104426;9
236НЕ2-1104426-40;1
236У-1701053;4
236У-1701129;4
236У-1702121-Б;1
238-1000102-Б2;10
238-1000102-Б2-Р2;1
238-1000102-Б2-Р3;2
238-1000102-Б2-Р5;4
238-1000102-Б2-Р6;5
238-1000104-В2;7
238-1000104-В2-Р1;3
238-1000104-В2-Р3;1
238-1000104-В2-Р6;3
238-1002318;17
238-1003009;8
238-1003013-Ж3;4
238-1003210-В9;4
238-1003244-А;20
238-1003246;1
238-1003256-Б3;11
238-1003256-В3;12
238-1003290-В;5
238-1003290-Д;6
238-1003291-В;14
238-1005009-Г3;8
238-1005115-Л;3
238-1005115-Н;3
238-1006010-Б6;1
238-1008022-Г;3
238-1008023;2
238-1009010-А;6
238-1011398-В2;3
238-1014266;5
238-1022840;3
238-1104308;5
238-1104346-В;15
238-1104346-Г;5
238-1104346-Д;1
238-1104370-Б;66
238-1104370-В;10
238-1104422-В;29
238-1111620;14
238-1111620-В;10
238-1115021;2
238-1308011-В2;1
238-1308011-Г2;1
238-1601090-Г3;10
238-1601094-Г;2
238-1701283;1
238-3701774-Б;1
238-3701790;30
238-3906004-10;1
238-4200005;1
238-4200095;1
238-4200150;49
238.420009;2
2381.1701029;12
2381.170103;5
238А-1701051;1
238А-1701053;3
238А-1701129;7
238АК-1002265;28
238АК-1002266;28
238АК-1002270;8
238АК-1005512;29
238АК-1104436;2
238АК-1308011;4
238АК-1308012;7
238АК-1308110;6
238АК-3408010-Б;2
238АК-3701774;7
238АК-3701790;5
238Б-1004005;48
238Б-1004005-Б;44
238Б-1011048;4
238Б-1011065;3
238Б-1011350-Б;2
238Б-1012076-Б2;1
238Б-1012078-Б2;9
238Б-1111558-В;6
238Б-1115020-Б;1
238Б-1118340;14
238Б-1702114;10
238Б-1721240;7
238БЕ-1308012-А;3
238БК-1008042;2
238БК-1115048;1
238БК-1115280-Б;1
238БК-1115284-Б;1
238БК-1118220;1
238БК-1118221;1
238БК-1118224;1
238БК-1118225;2
238БК-1118340;1
238БК-1308011-Д;3
238БМ-1104426;20
238БМ-1111558;5
238В-1011398-Б4;1
238В-1115124;1
238Д-1003212;30
238ДК-1005009-30;4
238ДК-4200130;1
238Н-1002084;10
238Н-1002402;1
238Н-1009010-А2;2
238Н-1011425-В;2
238Н-1011427-В;1
238Н-1011447;8
238Н-1011520-Б;1
238Н-1017140;1
238Н-1017153;65
238Н-1022838;3
238Н-1308012;8
238Н-1601040;26
238Н-1601090-Б2;3
238НБ-1001010;4
238НБ-1001020-Б3;6
238НБ-1004005-А4;47
238НБ-1005061;2
238НБ-1005115-Д;9
238НБ-1009010-Б2;2
238НБ-1308011-Д;5
238НБ-1308012-Б2;9
238НБ-1308025;1
238НБ-3701774;2
238НД-1011014-Б;2
238НД-1308011-В2;1
238НД5-1001010;1
238НП-1308011-В;2
238НП-1308025;1
238П-1005061;2
238П-1005061-Б;3
238П-1005061-Б2;2
238П-1111558;16
238П-1721240;5
238Ф-1008022;2
238Ф-1008027;3
238Ф-1008482;12
238Ф-1009010-В;1
238Ф-1011300-А;1
238Ф-1011398-А3;3
238Ф-1011400-В2;1
238Ф-1022815;4
238Ф-1115032;5
238Ф-1115128-Б;3
238Ф-1115132;30
238Ф-1118220;28
238Ф-1118224;1
238Ф-1118322;4
239-1701478;5
239.1701009;1
239.1701027-10;1
239.1701048-10;2
239.1701056;1
239.1701082-10;2
239.1701092;1
239.1701105;1
239.1701112-10;4
239.1701127-10;1
239.1701131-10;2
239.1701132-10;2
239.1701135;1
239.1701136-03;2
239.1701137;1
239.1701140-10;2
239.1701143;3
239.1701279;5
239.1701428-01;7
239.1701428-03;7
239.1701462;22
239.1701476;2
239.1702027;2
239.1702033;1
239.1702221;2
239.170823;1
239.172138;1
2391.1701132;1
240-1000104-Б2;2
240-1000104-Б2-Р6;1
240-1002244;3
240-1002250;1
240-1002264-Г;1
240-1002265-А2;1
240-1002271-А;6
240-1002314;4
240-1002317;93
240-1002318;10
240-1002402;37
240-1002503-Б2;3
240-1003017-В;42
240-1003019;10
240-1003031;2
240-1003213;16
240-1003213-А1;20
240-1003217;169
240-1003218;200
240-1003264-Б2;5
240-1003270;4
240-1003270-Б;6
240-1003330;13
240-1003336-В2;128
240-1003470-Б;117
240-1003473-Б;71
240-1003474;4
240-1003475;12
240-1003476;81
240-1004005-А;42
240-1004006-А;102
240-1005030-Б2;1
240-1005070-Б1;2
240-1005078;61
240-1005086-Б2;73
240-1005089-А;80
240-1005115-Б;1
240-1005373-А;24
240-1005532;4
240-1005536;5
240-1005537;8
240-1005576;33
240-1005582-Б;41
240-1005583-Б;1
240-1005584-В;2
240-1005589-Б;10
240-1005596-Б;9
240-1005600;5
240-1005657;5
240-1005661;8
240-1005663;2
240-1005674;7
240-1005676;4
240-1006015;1
240-1006200;3
240-1006214;2
240-1006236;5
240-1007090-В2;5
240-1007102-Б;45
240-1007106-В;16
240-1007176-А;50
240-1007236;3
240-1007242;3
240-1007244-А;24
240-1008022;3
240-1008024;3
240-1008027;19
240-1009010-А;3
240-1009040-А2;1
240-1009050-Б;5
240-1009059;9
240-1009062;4
240-1011351;1
240-1011380;28
240-1011406-Б;1
240-1014094;10
240-1014128;1
240-1014138;26
240-1014147;33
240-1014148;6
240-1014149-Б;13
240-1014275;5
240-1017076-А;7
240-1017100;1
240-1017292;23
240-1017293-Б2;1
240-1028094;2
240-1028102;2
240-1028108-А;8
240-1029074-А;2
240-1029104-А;1
240-1029116;1
240-1029120;4
240-1029220-Б;3
240-1029221;3
240-1029228-А;2
240-1029284-В;36
240-1029300-А2;15
240-1104300-Б;7
240-1104306;1
240-1104310-В;8
240-1104312-В;8
240-1104314-В;8
240-1104316-В;8
240-1104318-В;8
240-1104320-В;8
240-1104322-В;11
240-1104324-В;8
240-1104326-В;8
240-1104328-В;8
240-1104330-В;8
240-1104332-В;6
240-1104343;2
240-1104344-А;180
240-1104345-Б;17
240-1104346-А;35
240-1104346-Б2;10
240-1104350;1
240-1104352;2
240-1104370;11
240-1104370-Б;195
240-1104376;110
240-1104390-А2;5
240-1104390-Б;21
240-1104410-А;6
240-1104422-А;7
240-1104426;6
240-1104430;59
240-1104436;10
240-1104442;4
240-1104450;7
240-1104459;109
240-1106351-Б;1
240-1106352;1
240-1106354;2
240-1111614;24
240-1111620;2
240-1112163;20
240-1115020-Б;1
240-1115021-Б;3
240-1115024-Б;1
240-1115048;21
240-1303012;24
240-1303014-А;17
240-1303016;117
240-1303018;1
240-1303090-Б;7
240-1303098;10
240-1303104-В;2
240-1303105-В;3
240-1303108-В;11
240-1303110-В;2
240-1303130-В;6
240-1303152-Б;12
240-1303166-Б;9
240-1303226;8
240-1303242-Б;16
240-1303246;52
240-1303268;15
240-1307084;11
240-3701706-В;6
240-3701754-Б;6
240-3701755-В;6
240-3701774-Д2;2
240-3708700;3
240-3708720;11
240-3708721;27
240-3813862-Б;1
240-3813868;9
240-3813870;3
240Б-1115032-А;1
240Б-1303176;2
240Б-1303184;5
240Б-1308012;1
240Н-1002310;1
240Н-1004005-А2;142
240Н-1004006-А2;4
240Н-1008022-А;2
240Н-1008024-А;2
240Н-1008027-А;37
240Н-1008044-Б2;9
240Н-1008098;2
240Н-1008475;1
240Н-1008504;294
240Н-1008504-А;142
240Н-1008510;276
240Н-1011445;4
240Н-1017140-Г;9
240Н-1017208-Г;13
240Н-1017218;4
240Н-1017222-Б;2
240Н-1022815;1
240Н-1022826;5
240Н-1104384;4
240Н-1104426;3
240Н-1111430;6
240Н-1115024-В;1
240Н-1115025-В;2
240Н-1115048;16
240Н-1115048-Б;1
240Н-1115128-А;1
240Н-1115130-А;2
240Н-1115200;3
240Н-1115202;1
240Н-1115206;1
240Н-1115214;7
240Н-1115218;5
240Н-1117147-А;34
240Н-1118214;1
240Н-1118340-Г;4
240Н-1118341-Г;2
240Н-3906004-10;1
240НТ-1017010-Б2;2
240НТ-1117010-А;5
240П-1004008-В;28
240Т-1017010-Б2;3
240Т-1105510;9
25 6421 1402;1
250508-П29;44
250510-П29;506
250511-П29;460
250512-П2;40
250512-П29;42
250512-П5;1095
250513-П29;843
250514-П29;32
250515-П29;210
252038-П2;106
252038-П29;23
252134-П2;389
252135-П2;2216
252136-П2;67
252137-П2;7
252138-П2;17
260316-П2;25
310044-П29;1
310096-П29;70
310098-П29;50
310111-П29;8
310122-П29;44
310130-П2;3
310219-П29ГМ;19
310228-П;58
310239-П29;3
310254-П2;3
310423-П29;274
310438-П2;46
310443-П;101
310460-П29;133
310462-П;47
311423-П5;82
311431;8
311445-П5;100
311516-П2;255
312300-П2;554
312302;4
312320;5
312326-П;438
312384;13
312399-П2;3
312471-П34;54
312472-П34;10
312482-П34;754
312580-П2;174
312647-П2;2
312672-П29;5
312695-П2;12
313410-П2;1
313457-П2;6
313933-П2;4
313934-П;8
313992-П;1
314708-П2;1
315450-П29;3
315466-П29;1
315484-П29;32
315485-П29;3
315492-П29;15
316105-П29;22
316135-П2;1
316169-П29;45
316182-П29;4
316611-П29;1
336.1701043;2
336.1701479;1
336.1702035;6
336.170401;2
336.1704019;2
42 7891 0022;3
45 7371 0208;4
45 7371 9785;3
45 7373 3019;4
45 7374 8689;9
45 9327 6144;1
45 9348 1571;62
45 9348 6557;5
46 1212 1322;6
5340.1000102;19
5340.1000102-Р2;2
5340.1000104-Р1;1
5340.1000104-Р2;2
5340.1002012-10;2
5340.1002031-10;58
5340.1002405;9
5340.1003010-10;2
5340.1003016;100
5340.1003112-20;7
5340.1003114-10;20
5340.1003206-10;3
5340.100326;1
5340.1004045-002;21
5340.1004118-10;21
5340.100501;1
5340.1005030-01;1
5340.1005033-02;11
5340.1005118;2
5340.1005125;1
5340.1005161-02;11
5340.1005194;38
5340.1006034;1
5340.1006236;2
5340.100701;274
5340.1007025;9
5340.1007028;112
5340.1007032;42
5340.1007090-01;1
5340.1007174-01;24
5340.1007180-01;18
5340.1007212;12
5340.1007262;64
5340.1008027-03;4
5340.1008504;15
5340.100851;28
5340.1011014-02;7
5340.1011055-10;1
5340.1012075-04;242
5340.10121;11
5340.1013600-10;4
5340.1013650-04;1
5340.1013684;9
5340.1013762-10;9
5340.1104378;2
5340.1104382-10;1
5340.110441;2
5340.1104416;8
5340.1104422;1
5340.110443;1
5340.1104431;4
5340.1112010-20;24
5340.1112011;6
5340.1112150-20;12
5340.1112163;4
5340.1112173;10
5340.1112303-20;3
5340.1112401-13;2
5340.1112402-12;2
5340.1112404-13;2
5340.1117304;68
5340.1118010-01;1
5340.1118158;3
5340.1118258;4
5340.1118325;13
5340.1213034;2
5340.1303121-10;8
5340.1303130-10;2
5340.1303208-10;1
5340.1303268;10
5340.1303324;2
5340.1307048-01;14
5340.1308011-10;1
5340.1308025;1
5340.1308110-11;17
5340.1308138;1
5340.3509004;3
5340.3509010-40;1
5340.3509279-50;2
5340.3509287-50;3
5340.3509508-10;1
5340.3701010-12;1
5340.3701170-11;4
5340.3708010-12;1
5340.3724155;1
5340.3740062-12;1
5340.3770041-02;2
5340.3770042-01;2
5340.3770043-01;2
5340.8114112;2
5340.8114170-11;1
53403.1008022-20;1
53403.111801;1
53404.111201;18
53404.111264;6
5342.1009047-03;2
5342.1115020-20;1
5342.1303130-10;2
5342.1303208-10;2
53423.1118010-01;1
5343.3708010-02;1
5344.1308010-01;1
53443.1004002-10;39
53443.1004006-20;127
53443.1112404-03;1
53443.1118010-01;1
53443.1118010-11;1
53443.1118010-41;1
53444.4411017;3
53445.1111006;2
53446.110441;1
53446.1104422;1
5347.3708010-12;1
5348.1308011;2
535.1004045;6
536.1000102;11
536.1000104;2
536.1002012-10;4
536.1002310-10;1
536.1003010-10;1
536.1003012-10;1
536.100326;27
536.100501;7
536.1005070-01;1
536.1005118;2
536.1005534;1
536.100601;10
536.1008022;1
536.1008024;3
536.1008026;2
536.1009047-03;2
536.1011014-02;1
536.1011398;1
536.10136;4
536.1013650-04;4
536.1104382-10;10
536.110441;11
536.1104426;8
536.1112303-20;3
536.1112402-12;1
536.1112403-12;2
536.1112404-12;2
536.1117075-04;50
536.1117152;1
536.1118010-01;2
536.1118158;19
536.111822;2
536.1118258-10;39
536.1118340-10;3
536.1118562;1
536.1213072;1
536.1307010-21;5
536.1307010-30;3
536.1307010-41;1
536.3407010-03;2
536.3509010-10;2
536.3509205;1
536.3509287-30;1
536.3724012-01;1
536.3724017-11;1
536.3906007;1
53602.100901;2
53602.1118010-11;1
53603.1118010-01;6
53604.1115037;3
5362.1009047;1
53643.1104422-20;1
53675.130817;2
53675.811417;1
537.1118010-11;1
537.130811;1
537.811412;1
650.1002023;17
650.1003016;1
650.1003017;2
650.1004022;27
650.1004045;1
650.1005041;20
650.1005171;1
650.1005193;8
650.1005194;1
650.1007008;8
650.1007012;19
650.1007024;27
650.1007108;9
650.1007176;4
650.100718;7
650.1007205;4
650.1007211;6
650.1008022;2
650.1009047;1
650.1009076;6
650.1009077;30
650.101156;2
650.1013642;1
650.1014606;7
650.1014608;46
650.1029117;1
650.111223;56
650.1112433-10;1
650.1112463-10;4
650.1112552-01;1
650.1115436;10
650.1118011;2
650.1118158;2
650.1118434;11
650.1303018;6
650.130306;1
650.130315;1
650.1303186;1
650.1303248;3
650.1303314;1
650.130802;8
650.1308043;1
650.1308063;1
650.1308111;1
650.1308139;1
650.3509009;4
650.3509075;18
650.3509228;2
650.350926;1
650.350928;1
650.3701032;22
650.3701774;1
650.3724012-01;1
650.3724014-01;1
650.8114110-01;14
651.1004013;17
651.100402;17
651.1008026;1
651.1011014;3
651.1104282;1
651.1104525;1
651.1111032;9
651.1118010-02;4
651.1307010-02;1
651.1308010-01;1
651.3724012-01;1
651.3724014-01;1
656.1005115;1
656.1308011;2
6562.1104358;2
6562.1104422-40;1
6562.1104426-40;2
6562.1104440-10;1
65652.111834;1
658.1002012-31;1
658.1004005-10;19
658.100905;30
658.101201;3
658.1115048;8
658.1306052-30;8
658.1306053-10;11
658.1306054-01;16
658.130608;24
658.1308011;1
658.1308754-10;3
6581.1009059;14
6581.1104384-40;7
6581.1104422-10;1
6581.1104422-40;6
6581.1104426;1
6581.1104426-20;1
6581.1104426-40;8
6585.370117;1
6585.3701170-10;1
7511.1001020-20;7
7511.1002311-02;1
7511.1003016-20;57
7511.1003212-40;1
7511.1004002;87
7511.1004005-10;50
7511.1004005-40;1
7511.1004005-50;55
7511.1004005-60;95
7511.1004020-03;90
7511.1004022;86
7511.1004045-20;33
7511.1005061;1
7511.1005062;8
7511.100507;1
7511.1005127;64
7511.1005137;39
7511.1005137-10;1
7511.1005183;99
7511.1006026;6
7511.1006200-02;3
7511.1006214-10;9
7511.1007025;80
7511.100718;147
7511.100719;56
7511.1007199;31
7511.1008025;6
7511.1008026;3
7511.1008043-01;3
7511.1011014-01;19
7511.101144;7
7511.1013724;2
7511.1029002-02;7
7511.1029120-10;1
7511.1029123;2
7511.1029264;1
7511.1029268-10;1
7511.1104308-11;20
7511.1104310-11;2
7511.1104312-11;1
7511.1104314-11;2
7511.1104316-11;3
7511.1104318-11;1
7511.1104320-11;1
7511.1104322-11;1
7511.1104324-11;1
7511.1104373;19
7511.1104433;16
7511.1104434;20
7511.111162;5
7511.1115021;1
7511.111503;2
7511.1115032;1
7511.1115059;3
7511.1115128;1
7511.111701;24
7511.1117075;40
7511.1303105-20;1
7511.1303112-10;1
7511.1307155-02;2
7511.130801;2
7511.1308011-31;2
7511.1308011-40;9
7511.1308012;2
7511.1308050-10;4
7511.1309065;2
7511.1309072;1
7511.1309074-10;1
7511.35093;16
7511.3701790-20;14
7511.3701795-01;1
7514.1111558-20;2
7514.130801;1
7514.1308011-20;2
7514.1308050-10;4
7601.1005009-10;1
7601.1005052;2
7601.1006010-01;1
7601.1013600-03;4
7601.1013734-10;22
7601.101374;54
7601.1306084-01;4
8.8387;4
8.8405;1
8.8825;5
8.8826;5
8.8827;2
8.8829;1
8.883;2
8.8906;3
8.8946;25
8.8976;17
8.8991;25
8.8992;17
8.8994;1
8.9023;1
8.907;30
8.9071;70
8.9089;4
8.9098;1
8.911;2
8.9128;17
8.913;6
8.9131;4
8.9162;4
8.9172;66
8.9175;3
8.9176;7
8.9177;1
8.9178;10
8.9211;4
8.9213;1
8.9234;1
8.9244;2
8.9245;1
8.9321;1
8.9322;1
8.9763;2
840.1000102;4
840.1000102-Р1;1
840.1000104;1
840.1000104-Р1;9
840.1002406;26
840.1003212-30;188
840.1005115-11;1
840.1005186;3
840.1005193;2
840.1005194-10;9
840.1005674;1
840.1006015;3
840.1007027;8
840.1007028;104
840.1007118;1
840.1008027;10
840.1012083-10;25
840.1012083-20;3
840.1013620-10;4
840.1029274-10;15
840.1104361-10;20
840.110805;2
8401.1004020-01;50
8401.1004022;40
8401.1004118;39
8401.1008025;1
8401.1008027;3
8401.1008131;2
8401.1118206-20;6
8401.1118221-20;2
8401.1303280-10;2
8421.1004002;21
845.100905;1
845.1009059;1
850.1001017;2
850.100229;1
850.1005043;12
850.100905;10
850.100913;1
850.1011014-01;2
850.1011293;2
850.1013600-01;1
850.1104382;1
850.1104384-01;1
850.1115021;1
850.1307010-01;1
850.17146;1
8502.1005115;1
9.0404;10
9.1191;15
9.1192;1
9.1193;4
9.1194;1
9.1195;2
9.1196;2
9.1263;4
АД-100.1308012;1
ЧР-11111;1
15-1601092;1
15-1601129;6
151-1601090-10;6
161-1601130;10
201-1721180-50;2
201-1721334;50
202-1721157-40;3
202-1721325-40;7
202-1721330-50;20
202-1721350-40;3
202-1721386;2
236-1011014-В3;28
236-1011363-Б2;2
236-1307010-А3;11
236-1601180-Б2;16
238-1601130-Б;7
238-1601131;9
238-1701082;1
238-1701122;4
238-1701140;4
238-1701280;2
2381-1700004-36;1
23811-1721168-20;1
238АК-1307010;10
238К-1721240-01;4
238М-1701048;2
238М-1701050;1
238М-1701078;1
238М-1701112;1
238М-1701282;3
238М-1721240-30;1
238М-1721252;2
239-1721005;1
239-1721168-10;4
240-1003014-Е2;63
240-1011014-Б;20
240-1029326;13
240-1029330-Б;5
240-1029336;2
240-1307010-А1;31
240Б-1011363-А;1
240Н-1011014-Б;15
240Н-1011048;3
240Н-1011092;5
240Н-1011268-Б;2
241-1307010-А1;1
310236-П29;5
312570-П29;1
840-1003010-25;14
840-1005062-01;21
840-1005128;13
840-1007140-01;8
840-1007174-02;12
840-1007176-02;17
840-1007180;4
840-1112163;2
8401-1004008-01;1
8401-1004008-05;20
841-1008029;1
841-1303160-10;1
841-1303240;1
841-1303256-01;1
841-1308110;5
841-3701790;1
842-1002012-20;1
842-1005125-20;1
842-1006010-10;2
842-1013600-13;3
842-1022815;2
842-1104370-10;1
842-1104382-10;1
842-1307155;4
8421-1005007;2
8421-1008344-20;1
8421-1011014;18
8421-1011400-01;1
8421-1104410;1
8421-1118220;2
8421-1118230;1
8423-1008025;2
8423-1008026;2
8423-1008029;1
8423-1008030;1
8423-1008042-10;2
8423-1008043-10;1
8423-1008344-20;1
8423-1009059;1
8423-1307010-20;28
8423-1308012-01;2
8423-3701774-01;1
8424-1104426-20;3
8437-1308652;15
8481-1005115;2
8481-1307010-13;2
8481-3509260;6
8481-3509280-10;1
8486-1307010-13;2
8486-1307155;2
8531-1005115;3
8802.10037;1
135.1111282;20
136.111115;35
16.1111005;5
17.1111150-01;64
175.1110406-11;2
175.1110412;1
175.1111005-40;3
175.1111005-70;2
175.1111130-04;3
175.1111150-11;34
179.1111005-10;1
179.1111005-20;1
181.1112010-11;23
181.1112110-02;44
182.1112010-10;12
185.1110125-10;1
185.1111005-30;1
236-1106210-А2;41
236-1106240-В;98
236-1106288-В;3
236-1110045;20
236-1112208;14
240-1106210;1
240Н-1110878;2
26.1112010-04;65
26.1112010-13;25
261.1112010-13;41
262.1112010-04;62
263.1112010-04;38
267.1112010-01;60
267.1112010-11;6
267.1112010-20;7
271.1112110-01;48
273.1112110-20;14
273.1112110-30;211
316700-П;49
323.110601;20
323.111118;1
324.1111150-01;100
33.1106232-02;1
33.1111074-01.01;116
33.1111282-01;5
33.1112110-12;316
33.1112110-220;455
33.1112110-230;138
33.1112110-250;133
33.1121010-01;2
332.110601;34
335.1112110-120;61
335.1112110-140;24
335.1112110-50;12
335.1112110-70;62
337.1106010-10;12
37.114101;38
403.3847;20
423.1110860-10;1
423.1110860-20;2
44.1106010-01;3
60.1111020-30;1
60.1111074-31;373
60.1111282-01;92
60.1111286-10;2
60.1121010-12;1
60.1121010-21;1
7511.100702;90
771.1111150-10;1
80.1111005-30;1
805.1111007-30;1
807.1121010-13;1
840.1121010-20;1
861.110601;22
90.1111008-20;1
90.1121010-13;1
90.1121010-22;2
901.111086;3
901.1111008-20;3