art;pr
ЧР-9798-01;47577.56
ЧР-9798-12;1505.48
ЧР-10442-250;24861.16
ЧР-10442-258;4104.08
ЧР-10732-005;2746.22
200270-П29;63.44
200315-П29;45.14
200399-П29;103.7
200404-П29;145.18
200412-П29;150.06
200458-П29;114.67999999999999
200461-П29;169.57999999999998
200463-П29;131.76
200466-П29;117.12
200468-П29;111.02
200470-П29;87.84
200471-П29;132.98
200820-П29;145.18
200822-П29;148.84
200853-П29;285.48
201462-П29;71.98
201499-П29;58.56
201544-П2;89.06
201676-П29;62.22
201682-П29;102.48
201684-П29;96.38
201688-П29;97.6
202119-П29;159.82
206464-П29;23.18
216233-П29;31.72
216235-П29;34.16
216257-П29;62.22
216258-П29;81.74
216262-П29;62.22
216502-П29;62.22
216523-П29;69.53999999999999
216526-П29;108.58
216527-П29;114.67999999999999
216564-П29;73.2
216626-П29;102.48
250512-П5;50.019999999999996
250512-П29;61
250635-П29;79.3
250659-П29;189.1
250661-П2;291.58
252004-П29;8.54
252038-П2;92.72
252038-П29;17.08
257257-П2;20.74
258040-П29;9.76
258072-П29;23.18
258250-П29С;119.56
258252-П29С;23.18
258253-П29С;18.3
258254-П29С;84.17999999999999
258256-П29С;40.26
258666-П29;35.38
260310-П29;29.28
260315-П;42.699999999999996
260316-П2;70.76
262520-П29;251.32
288010-П29;18.3
288010-П29С;17.08
310034-П29;50.019999999999996
310040-П29;630.74
310043-П29;36.6
310044-П29;168.35999999999999
310046-П29;170.79999999999998
310086-П29;154.94
310095-П29;215.94
310096-П29;220.82
310098-П29;159.82
310103-П29;178.12
310110-П2;137.85999999999999
310111-П29;111.02
310118-П29;120.78
310119-П2;222.04
310122-П29;150.06
310153-П29;145.18
310156-П2;145.18
310213-П29;134.2
310214-П29;134.2
310219-П29;92.72
310222-П2;142.74
310224-П29;20.74
310225-П29;280.59999999999997
310228-П;93.94
310234-П29;168.35999999999999
310236-П29;273.28
310248-П2;71.98
310254-П2;186.66
310264-П29;376.98
310265-П2;259.86
310404-П29;103.7
310414-П29;84.17999999999999
310417-П;117.12
310423-П29;102.48
310437-П;119.56
310438-П2;137.85999999999999
310443-П;143.96
310460-П29;108.58
310462-П;212.28
310488-П29;181.78
311401-П29;342.82
311403-П;1474.98
311412-П29;262.3
311423-П5;251.32
311445-П5;164.7
311446-П5;50.019999999999996
311516-П;178.12
311516-П2;165.92
311710-П29;369.65999999999997
311808-П2;125.66
311810-П2;605.12
311901-П2;70.76
311909-П;101.25999999999999
312101-П29;566.08
312300-П2;52.46
312304-П;84.17999999999999
312306-П29;2.44
312307-П29;7.32
312310-П34;40.26
312313-П2;50.019999999999996
312315-П2;64.66
312316-П29;24.4
312326-П;92.72
312326-П34;101.25999999999999
312330-П;202.51999999999998
312333-П;143.96
312336-П34;186.66
312347-П29;14.64
312356-П29;37.82
312361-П2;42.699999999999996
312367-П;42.699999999999996
312392-П2;84.17999999999999
312399-П2;64.66
312434-П34;12.2
312466-П2;56.12
312471-П;42.699999999999996
312471-П34;58.56
312472-П34;58.56
312473-П;163.48
312480-П2;15.86
312482-П34;92.72
312484-П;37.82
312490-П2;85.39999999999999
312497-П2;12.2
312502-П29;84.17999999999999
312515-П29;58.56
312533-П2;93.94
312538-П2;7.32
312562-П2;17.08
312580-П2;24.4
312581-П29;3.66
312601-П;1.22
312607-П2;12.2
312630-П;62.22
312630-П34;87.84
312638-П;14.64
312647-П2;84.17999999999999
312659-П;56.12
312668-П;4.88
312669-П;9.76
312670-П29;52.46
312672-П29;174.46
312686-П;17.08
312688-П;10.98
312695-П2;81.74
312697-П;159.82
312698-П29;10.98
312702-П29;30.5
312753-П;37.82
312763-П;54.9
312768-П;131.76
313020-П2;20.74
313203-П29С;224.48
313404-П2;42.699999999999996
313406-П2;54.9
313407-П29;69.53999999999999
313410-П2;84.17999999999999
313439-П;185.44
313457-П2;48.8
313851-П;24.4
313890-П;7.32
313901-П;137.85999999999999
313927-П29;98.82
313933-П2;101.25999999999999
313934-П;202.51999999999998
313973-П;178.12
313992-П;219.6
313997-РП;112.24
314000-П;219.6
314001-П;209.84
314004-П2;145.18
314006-П2;829.6
314047-П2;117.12
314131-П2;125.66
314510-П;1421.3
314537-П;428.21999999999997
314537-П29;436.76
314612-П29;101.25999999999999
314650-П29;322.08
314656-П29;201.29999999999998
314678-П29;135.42
314680-П;108.58
314681-П29;165.92
314684-П29;202.51999999999998
314708-П2;145.18
314708-П29;64.66
314720-П29;103.7
314741-П2;59.78
314743-П29;71.98
314802-П;117.12
314816-П;117.12
315352-П29;6.1
315355-П29;26.84
315442-П29С;36.6
315450-П29;37.82
315454-П29;24.4
315455-П29;28.06
315466-П29;40.26
315484-П29;24.4
315485-П29;28.06
315491-П29;26.84
315492-П29;28.06
315493-П29;31.72
316104-П29;62.22
316121-П29;92.72
316135-П2;209.84
316139-П2;217.16
316147-П29;219.6
316154-П29;150.06
316162-П29;622.1999999999999
316169-П29;209.84
316172-П29;197.64
316180-П2;225.7
316184-П29;134.2
316191-П29;134.2
852924;42.699999999999996
238НБ-1001010;4815.34
238НД5-1001010;4221.2
840.1001017-01;9528.199999999999
236-1001020-А4;4751.9
238НБ-1001020-Б3;5108.14
7511.1001020-20;5633.96
236А-1002012-Г;373940.98
236-1002012-У;373940.98
236-1002012-У2;373940.98
238-1002012-У;484964.64
238-1002012-У2;484964.64
238БК-1002012-В2;489725.08
238БК-1002012-В3;489725.08
240-1002012-Е;854114.6799999999
240Н-1002012-И;852847.1
656.1002012-31;561175.6
658.1002012-31;601856.5
65801.1002012;597556
840.1002012-31;952014.7999999999
840.1002012-50;952014.7999999999
840.1002025;129.32
238Н-1002084;156.16
840.1002173;152.5
238АК-1002200;5777.92
238АК-1002202;5815.74
850.1002227;387.96
240-1002244;117.12
240-1002250;6542.86
238Б-1002254-В;18961.239999999998
236-1002255-В4;3925.96
238АК-1002256;3381.84
840.1002260;5399.72
845.1002260;55268.44
236-1002261-В2;19333.34
236-1002261-Г2;19333.34
238Б-1002261-Б3;18950.26
238АК-1002261-А;17402.079999999998
238БК-1002261;16685.94
238Б-1002264-Д;17238.6
240-1002264-Г;17539.94
840.1002264;3663.66
850.1002265;1108.98
238АК-1002269;442.86
238АК-1002270;661.24
240-1002271-А;254.98
236-1002272;85.39999999999999
236-1002282-Б;342.82
236-1002283;157.38
236-1002286;41.48
236-1002286-А;53.68
850.1002292;217.16
238-1002310-Ж;26494.739999999998
238АК-1002310-А3;31108.78
240-1002310-А;48076.54
240Н-1002310;71206.52
658.1002310-20;31964
7511.1002310-03;31821.26
840.1002310-50;97119.31999999999
840.1002310-60;98555.26
840.1002310-61;98762.66
840.1002310-80;96852.14
840.1002310-90;97695.16
8502.1002310;101385.66
238-1002311-А3;21447.6
238-1002311-Б3;21611.079999999998
238-1002311-В3;21529.34
238АК-1002311-А3;21851.42
658.1002311-20;22628.56
658.1002311-40;22573.66
658.1002311-60;23061.66
7511.1002311-02;22768.86
236-1002315;233.01999999999998
240-1002317;57.339999999999996
236-1002318;183
238-1002318;184.22
240-1002318;184.22
238-1002320;150.06
236-1002333;39.04
240-1002333;78.08
840.1002350;1098
238Н-1002402;162.26
238Н-1002402-Б;191.54
240-1002402;184.22
236-1002404;129.32
840.1002404;117.12
840.1002432;1233.42
850.1002448;101.25999999999999
240-1002503-Б2;763.72
236-1003004;73971.04
236-1003009;79146.28
236Д-1003009;80272.34
238-1003009;66364.34
238Д-1003009;84495.98
236-1003010-Ж2;74745.74
236-1003013-Ж4;71422.45999999999
236Д-1003013-А;72996.26
238-1003010-Ж2;64193.96
238-1003013-Ж3;38572.74
238Д-1003013-А;77816.48
240-1003010-Е2;42917.159999999996
240-1003013-Е2;31515.04
656.1003009;86457.74
658.1003009;95325.92
656.1003013-30;80990.92
658.1003013-30;85961.2
840.1003010-20;71077.2
85504.1003012-30;69414.34
85504.1003010-40;73863.68
236-1003016-Б;379.42
240-1003016-Г;555.1
7511.1003016-20;469.7
840.1003016-01;1534.76
845.1003016;1474.98
855.1003016;453.84
855.1003017;2427.7999999999997
240-1003017;254.98
240-1003017-В;608.78
7511.1003017-10;359.9
240-1003019;618.54
240-1003031;738.1
236-1003108-Б;527.04
7511.1003108;536.8
236-1003110-В4;1223.66
7511.1003110;1207.8
236-1003112-В;1196.82
236-1003112-Г;1116.3
7511.1003112;1104.1
236-1003113;262.3
236-1003206-А3;1205.36
238-1003206-А5;1293.2
236Д-1003210;2333.86
238Д-1003210;2888.96
240-1003210-А3;1047.98
240-1003210-А5;1047.98
236Д-1003212;843.02
238Д-1003212;854
7511.1003212-20;181.78
7511.1003212-30;189.1
7511.1003212-40;191.54
840.1003212-10;179.34
840.1003212-20;200.07999999999998
840.1003212-30;211.06
240-1003215;174.46
240-1003217;174.46
240-1003218;212.28
236-1003244-А;3993.06
238-1003244-А;4393.22
236-1003245-А2;3416
238-1003245-А2;4876.34
236-1003246;4074.7999999999997
238-1003246;5014.2
6582.1003246;5043.48
236-1003256-Б2;5138.64
238-1003256-Б3;5154.5
238-1003256-В3;5267.96
6562.1003256;4660.4
238-1003257;4872.68
6582.1003257;5008.099999999999
238-1003260-Б;2326.54
840.1003260;2709.62
238-1003261-Г2;3217.14
840.1003261;2981.68
6582.1003262;3480.66
238-1003264-Б;927.1999999999999
240-1003264-Б2;2965.8199999999997
840.1003264;3017.06
7511.1003265;3175.66
236-1003272;466.03999999999996
236-1003290-В;3591.68
236-1003290-Г;3448.94
236-1003290-Д;3263.5
238-1003290-В;4499.36
238-1003290-Д;4489.599999999999
236-1003291-В;3279.36
236-1003291-Г;3265.94
238-1003291-В;3381.84
240-1003318-Б;48.8
236-1003330;622.1999999999999
240-1003330;797.88
240-1003336-В2;899.14
7511.1003436;95.16
840.1003442;63.44
240-1003470-Б;485.56
240-1003473-Б;1221.22
240-1003474;2009.34
240-1003475;4526.2
240-1003476;52.46
240-1003477;40.26
238-1003488;52.46
236-1004005;8220.36
236-1004005-Б2;8220.36
236-1004005-В;8220.36
238Б-1004005;9272
238Б-1004005-Б;9272
238НБ-1004005-А4;7866.5599999999995
240-1004005-А;8415.56
240Н-1004005-А;8415.56
240Н-1004005-А2;9453.78
658.1004005;9961.3
658.1004005-10;9961.3
7511.1004005-01;8914.539999999999
7511.1004005-10;8914.539999999999
7511.1004005-40;8914.539999999999
7511.1004005-50;8914.539999999999
7511.1004005-60;8914.539999999999
7511.1004005-70;8914.539999999999
236-1004006;9207.34
236-1004006-Б2;9207.34
236-1004006-В;9207.34
238Б-1004006;10211.4
238Б-1004006-Б;10211.4
238НБ-1004006-А4;8813.28
240-1004006-А;9353.74
240Н-1004006-А;9353.74
240Н-1004006-А2;10587.16
658.1004006;10971.46
658.1004006-10;10971.46
658.1004006-20;10971.46
7511.1004006-01;9889.32
7511.1004006-10;9889.32
7511.1004006-40;9889.32
7511.1004006-50;9889.32
7511.1004006-60;9889.32
7511.1004006-70;9889.32
236-1004008-Б;6752.7
236-1004008-В;6752.7
236-1004008-Г;6752.7
238Б-1004008;7956.84
238Б-1004008-Б;7956.84
238НБ-1004008;6459.9
240-1004008;6869.82
240П-1004008-Б;6869.82
240П-1004008-В;7961.72
658.1004008-10;8176.44
7511.1004008-01;7538.38
7511.1004008-10;7538.38
7511.1004008-40;7538.38
7511.1004008-50;7538.38
7511.1004008-60;7538.38
7511.1004008-70;7538.38
236-1004022-Б;239.12
7511.1004022;273.28
8401.1004022;206.18
236-1004045-Б3;7101.62
7511.1004045-02;7517.639999999999
7511.1004045-20;7664.04
236-1004052-Б2;1410.32
236-1004062-Б3;606.34
236-1004063-Б3;880.84
8401.1004118;1546.96
65801.1004118-10;509.96
8401.1004126;79.3
240-1005000-А2;340370.24
7511.1005004;35046.94
236-1005009-Ж;180474.6
236Д-1005009-Б;178056.56
238-1005009-Г3;217336.9
238-1005009-Д1;216784.24
238ДК-1005009-30;218323.88
7601.1005009;217350.32
7601.1005009-10;217361.3
840.1005010;354089.14
845.1005010;356504.74
850.1005010;358988.66
238Б-1005030;2008.12
240-1005030-Б2;3087.8199999999997
236-1005042;214.72
240-1005042-Б;653.92
236-1005043;129.32
850.1005043;84.17999999999999
238АК-1005050-20;94022.95999999999
7511.1005050;30176.7
7511.1005052;9293.96
7601.1005052;10749.42
236-1005055;640.5
236-1005056-А;61
238АК-1005057-01;793
236-1005061-Б;2738.9
236-1005061-В;2953.62
236НЕ-1005061-Б;5685.2
238П-1005061;4492.04
238П-1005061-Б2;4899.5199999999995
238НБ-1005061;2691.32
7511.1005061;7055.26
840.1005061;11749.82
840.1005061-10;12860.02
840.1005061-11;12801.46
845.1005061;14621.699999999999
850.1005061;8075.179999999999
238АК-1005062;2252.12
7511.1005062;997.9599999999999
840.1005062-01;1449.36
850.1005062;1204.1399999999999
855.1005062;530.6999999999999
201-1005066;146.4
238АК-1005066;1855.62
240-1005070-Б1;29947.34
7511.1005070;27869.68
840.1005070-01;34717.54
855.1005070;24708.66
240-1005078;30.5
240-1005079-Б;5991.42
7511.1005079;245.22
240-1005086-Б2;1057.74
238АК-1005089;136.64
240-1005089-А;136.64
238АК-1005090;298.9
240-1005094-Б;8298.44
7511.1005094;11288.66
240-1005096-Б;2238.7
7511.1005096;1760.46
236-1005115-Л;42720.74
236-1005115-Н;42836.64
236-1005115-Н4;41930.18
236Д-1005115-Б;45279.08
238-1005115-Л;45309.58
238-1005115-Н;45342.52
238-1005115-Н4;44042
238НБ-1005115-Д;44070.06
240-1005115-Б;44373.84
240-1005115-В;44728.86
656.1005115;43299.02
658.1005115;44670.299999999996
840.1005115-11;85748.92
845.1005118-10;84022.62
8502.1005115;88304.81999999999
236Д-1005121;7500.5599999999995
840.1005122;466.03999999999996
236-1005125-В2;8482.66
840.1005125-10;9331.78
236Д-1005127;424.56
7511.1005127;280.59999999999997
236-1005128-А;54.9
840.1005128;619.76
236-1005129-Б;85.39999999999999
236Д-1005132;719.8
7511.1005132;675.88
7511.1005137;607.56
7511.1005137-10;444.08
236-1005140-В;2821.86
236-1005143-В;3034.14
236-1005152-Г;2785.2599999999998
236-1701074-10;1301.74
238-1005156;3189.08
236-1005159;836.92
201-1005169;64.66
236-1005169;152.5
840.1005169;52.46
236-1005178-А;320.86
236-1005180-А;317.2
236-1005181;10.98
7511.1005183;1065.06
240-1005373-А;333.06
238АК-1005512;628.3
840.1005526;265.96
240-1005532;3418.44
240-1005535;117.12
240-1005536;91.5
850.1005536;111.02
240-1005537;403.82
240-1005580-В;4692.12
240-1005583-Б;1363.96
240-1005584-В;1382.26
240-1005585;80.52
240-1005589-Б;1754.36
240-1005592;1856.84
240-1005596-Б;132.98
240-1005600;1788.52
240-1005611;43.92
240-1005612;52.46
240-1005648;11247.18
240-1005657;861.3199999999999
240-1005658;436.76
240-1005661;1017.48
240Т-1005661;802.76
240-1005663;43.92
240Т-1005663;26.84
240-1005674;2570.54
240-1005676;1413.98
840.1005676;1137.04
240-1005678;2594.94
240-1005683;111.02
236-1006010-Б6;15720.92
238-1006010-Б6;17707.079999999998
7511.1006010-01;21781.88
7601.1006010-01;20482.579999999998
236-1006015-Г3;9500.14
238-1006015-Г3;11110.539999999999
240-1006015;32721.62
7511.1006015;18112.12
7601.1006015;18235.34
840.1006010;48647.5
855.1006010;79770.92
840.1006015;39479.2
236-1006026-А;1679.94
236-1006026-АР;1679.94
236-1006026-А-Р1;1679.94
7511.1006026;1704.34
840.1006032-02;3485.54
236-1006037-А;1601.86
236-1006037-АР;1601.86
240-1006200;7645.74
7511.1006200-02;5890.16
240-1006214;6154.9
7511.1006214-10;4511.5599999999995
236-1006236-Б;900.36
240-1006236;777.14
840.1007022;34.16
236-1007024-В;136.64
7511.1007025;78.08
236-1007026-Б;123.22
840.1007027;34.16
236-1007028-А;68.32
840.1007028;43.92
240-1007090-В2;2705.96
236-1007091-Б2;1068.72
240-1007102-Б;830.8199999999999
236-1007103-А;119.56
240-1007106-В;1273.68
236-1007118-В;330.62
840.1007118;544.12
240-1007132-В;1177.3
840.1007136;176.9
236-1007144-В2;1177.3
7511.1007144;1029.68
236-1007148-Б;168.35999999999999
236-1007176-А2;555.1
240-1007176-А;653.92
7511.1007180;2239.92
236-1007186;170.79999999999998
236-1007187-Б;131.76
201-1007194;146.4
7511.1007199;335.5
236-1007236;1118.74
240-1007236;2038.62
236-1007239;1318.82
236-1007242;1107.76
240-1007242;1869.04
236-1007244-А;536.8
240-1007244;481.9
240-1007244-А;509.96
240-1007245;668.56
236-1007246-А;651.48
236-1007247-Б;496.53999999999996
240-1007247;481.9
236-1007248-А;230.57999999999998
8401.1007250;12651.4
236-1007262;172.02
8401.1008012;16021.039999999999
8401.1008016;15046.26
236-1008022-В;5311.88
236Н-1008022;4695.78
238-1008022-Б;6767.34
238-1008022-Г;6869.82
238Ф-1008022;5643.72
240-1008022;4396.88
240Н-1008022-А;10040.6
8401.1008022-10;11963.32
236-1008023;6039
238-1008023;7590.84
240-1008024;6612.4
240Н-1008024-А;8492.42
7511.1008025;6248.84
8401.1008025;9096.32
7511.1008026;6616.0599999999995
8401.1008026;9023.119999999999
238Ф-1008027;214.72
240Н-1008027-А;218.38
840.1008027;248.88
8401.1008027;218.38
8401.1008029-10;11236.199999999999
8401.1008030;11782.76
238БК-1008040;21186.52
238БК-1008042;17227.62
7511.1008042-01;4100.42
7511.1008043-01;4077.24
240Н-1008044-Б2;3885.7
8401.1008044;6092.68
8401.1008045-10;222.04
7511.1008058;372.09999999999997
240Н-1008072-А;3772.24
240Н-1008098;162.26
8401.1008131;5596.14
8401.1008132;5625.42
8401.1008214;3766.14
8502.1008232;11191.06
8502.1008235;217.16
240-1008252-А;1636.02
240-1008254-А;1554.28
240Н-1008475;12162.18
236Н-1008480;10150.4
240Н-1008480;10861.66
236БЕ-1008481;9038.98
236Д-1008482;8443.619999999999
236Н-1008482;9517.22
238Ф-1008482;9384.24
240Н-1008482;10065
240Н-1008483;9041.42
240Н-1008504;298.9
840.1008504;372.09999999999997
240Н-1008506;89.06
840.1005167;1577.46
240Н-1008510;197.64
8401.1008516;1504.26
8401.1008518;2497.34
240-1009004;624.64
236-1009010-А;6916.18
236-1009010-В3;13334.6
236-1009010-Г2;8231.34
236А-1009010;7457.86
236ДК-1009010;7284.62
236НД-1009010;7147.98
238-1009010-А;8064.2
238Б-1009010;8643.699999999999
238БК-1009010;9322.02
238В-1009010-А2;10590.82
238Н-1009010-А2;10289.48
238Ф-1009010-Б2;9075.58
238НБ-1009010-Б2;8842.56
240-1009010-А;9558.699999999999
840.1009010;12167.06
236-1009020-Б;64.66
238-1009022-Б;91.5
236-1009024-Б;189.1
201-1009042-Б;148.84
240-1009050-Б;342.82
840.1009050;325.74
845.1009050;390.4
850.1009050;562.42
240-1009051-Б;319.64
840.1009051;129.32
240-1009054;111.02
240-1009059;512.4
840.1009059;1179.74
845.1009059;1038.22
850.1009059;768.6
240-1009062;189.1
850.1009067;357.46
240-1009073-В;1795.84
240-1009096;53.68
845.1009124;101.25999999999999
850.1009130;3580.7
850.1009133;3773.46
840.1009135;2077.66
840.1009146;1167.54
840.1009158;1503.04
850.1009166;289.14
238Ф-1009190;358.68
850.1009236;2178.92
236-1011008;11464.34
236-1011014-Г;10496.88
238НД-1011014-Б;10410.26
65801.1011014;21374.399999999998
7511.1011014-01;9564.8
8401.1011014-12;18788
850.1011014-01;16312.619999999999
855.1011014;15457.4
7511.1011015-10;3071.96
850.1011015-10;10794.56
7511.1011018-10;3071.96
8401.1011018-30;5862.099999999999
850.1011018-10;9472.08
236-1011019-Г;1711.6599999999999
238Б-1011019-Б;1745.82
850.1011019-10;4601.84
7511.1011030;2282.62
8401.1011032-10;3317.18
236-1011034;137.85999999999999
238Б-1011034;147.62
240-1011034;231.79999999999998
840.1011034;302.56
206В-1011037;56.12
7511.1011040;2554.68
8401.1011045-10;3957.68
238Б-1011048;3291.56
240-1011055;550.22
236-1011056-А;2771.84
238Б-1011056;4215.099999999999
238Б-1011065;315.98
206Д-1011066;31.72
238Б-1011067;1756.8
238Б-1011069;1880.02
240-1011071-Б;710.04
236-1011073;195.2
240-1011085;141.52
850.1011089;544.12
238Б-1011098;943.06
236-1011098-В;441.64
240-1011118;190.32
840.1011120;114.67999999999999
840.1011134;53.68
236-1011206;369.65999999999997
236-1011208-В;1518.8999999999999
840.1011230;4127.26
840.1011240;5072.76
850.1011240;6209.8
236-1011292-Г2;540.46
238В-1011292;540.46
850.1011292;1051.6399999999999
236-1011293-А;429.44
236-1011293-Б;429.44
238Б-1011293;978.4399999999999
240Н-1011293;613.66
236-1011294;230.57999999999998
236-1011294-Б;189.1
236-1011294-В;218.38
238Б-1011294;780.8
840.1011294;254.98
240Н-1011297;768.6
238Ф-1011300-А;315.98
236-1011302;147.62
238НД-1011302;159.82
204А-1011310-В;315.98
204А-1011318-Б;78.08
236-1011320;189.1
840.1011320;103.7
236-1011322;52.46
840.1011322;52.46
240Б-1011334;117.12
238Б-1011350-Б;2710.84
240Н-1011350;2527.84
840.1011350;1717.76
850.1011350;1089.46
240-1011351;1056.52
240Н-1011351;988.1999999999999
236-1011352-В;253.76
236-1011352-Г;195.2
236-1011356-Б2;190.32
240Н-1011356;200.07999999999998
850.1011358;111.02
236-1011363-В;2258.22
238НД-1011363;1826.34
840.1011364;189.1
236-1011365-Г;1575.02
204-1011370-Б;161.04
204-1011371;28.06
850.1011378;174.46
236-1011380;61
240-1011380;48.8
840.1011380;20.74
1105.1701428-01;1515.24
1105.1701428-02;1515.24
1105.1701428;1515.24
840.1011381;98.82
850.1011381;98.82
236-1011398-В2;2105.72
236-1011398-Г;2120.36
236-1011398-Д;2108.16
236А-1011398;2048.38
238-1011398-В2;2377.7799999999997
238В-1011398-Б4;2480.2599999999998
238Ф-1011398-А3;2392.42
236-1011399-В;1961.76
236А-1011399;1876.36
236-1011400-Е;1478.6399999999999
236-1011400-Ж;1449.36
238-1011400-Г2;1459.12
238В-1011400-Г;1644.56
238Ф-1011400-В2;1930.04
240-1011400-А;1814.1399999999999
240Б-1011400-А;1628.7
840.1011400-10;2011.78
240-1011406-Б;1221.22
240Н-1011406-Б;1184.62
240Н-1011407-Б;1205.36
240-1011418;2092.2999999999997
240Б-1011418;1959.32
236-1011420-В;1089.46
236-1011420-Г;1177.3
240-1011420;1263.92
240Н-1011420-А;1346.8799999999999
236Н-1011425;2598.6
238Н-1011425-В;3230.56
236Н-1011426;2203.32
238Н-1011426-В;3017.06
236Н-1011427;2174.04
238Н-1011427-В;2774.2799999999997
238Н-1011428-В;2952.4
238Н-1011432;261.08
240Н-1011439;834.48
7511.1011440;751.52
7511.1011442;702.72
240Н-1011445;1244.3999999999999
7511.1011445;994.3
238Н-1011447;544.12
238Н-1011520-Б;1244.3999999999999
840.1011538;1537.2
850.1011538;2111.82
658.1012010;5603.46
840.1012010-12;27331.66
840.1012010-21;28057.559999999998
850.1012010;37750.46
8502.1012010;38419.02
658.1012020;2913.36
236-1012027-А2;764.9399999999999
840.1012046-20;223.26
236-1012067;230.57999999999998
238Б-1012076-Б2;6142.7
840.1012076-21;5544.9
840.1012077-22;3318.4
238Б-1012078-Б2;3325.72
840.1012078-31;3369.64
840.1012117-60;1666.52
850.1012200;4646.98
8401.1012504;359.9
850.1012504;313.54
7511.1013004;55774.74
7601.1013004;36852.54
7601.1013004-10;42826.88
840.1013600-30;57907.299999999996
840.1013600-40;76278.06
840.1013600-50;81909.58
845.1013600;80401.66
850.1013600-01;85285.31999999999
840.1013620-10;29231.2
840.1013620-30;30554.899999999998
840.1013622-10;19551.72
236Н-1013630;15.86
840.1013694;2324.1
840.1013708;2598.6
7511.1013732-01;3578.2599999999998
7601.1013732-01;5149.62
7601.1013732-10;1248.06
238Б-1013740;431.88
840.1013900-10;4.88
240-1014094;3143.94
236-1014104;896.6999999999999
240-1014104-Б;867.42
6582.1014142-10;174.46
840.1014142;1801.94
6582.1014145;1625.04
840.1014145;278.15999999999997
240-1014146;1747.04
6582.1014146;1137.04
240-1014147;63.44
840.1014147;57.339999999999996
240-1014148;1017.48
240-1014149-Б;997.9599999999999
840.1014149-10;1695.8
238-1014170;63.44
840.1014180;3075.62
6582.1014200;9029.22
658.1014212;829.6
658.1014216;1034.56
6582.1014216;1049.2
236-1014250;1354.2
236-1014266;547.78
238-1014266;618.54
236НМ-1014272;122
240-1014275;172.02
6582.1014275;439.2
840.1014576;351.36
840.1014576-10;342.82
201-1015624;102.48
238НБТ-1017010-А4;3594.12
240Т-1017010-Б2;6283
240НТ-1017010-Б2;7190.68
240-1017015-Б2;4983.7
240Н-1017015-Б2;5150.84
240-1017031-А;1034.56
240-1017076-А;2440
238НБ-1017078;1593.32
238Н-1017088;34.16
238НБ-1017108-Г;2436.34
238НБ-1017110-Б;267.18
201-1017112;93.94
240-1017127-А2;268.4
238Н-1017140;2299.7
240Н-1017140-Г;1830
238НБ-1017143;101.25999999999999
238НБ-1017144;101.25999999999999
238Н-1017146;2196
238Н-1017153;26.84
240Н-1017159-Б;172.02
240Н-1017208-Г;1349.32
238Н-1017216;267.18
240Н-1017218;778.36
240Н-1017222-Б;2171.6
238Н-1017243;156.16
240-1017286;300.12
240-1017290;4.88
240-1017292;68.32
240-1017293-Б2;723.46
240Н-1017310-Б;1888.56
240Н-1017314-Б;956.48
240Н-1017315;203.74
236-1022815;71.98
238Ф-1022815;80.52
240Н-1022815;74.42
236-1022826-Г;944.28
238Н-1022826-Б;1054.08
240Н-1022826;1110.2
840.1022826;789.34
238Н-1022838;263.52
238-1022840;1512.8
238Н-1022840;1504.26
840.1022840;1237.08
240Н-1022843;1382.26
238-1022850;420.9
840.1022870;1306.62
236-1028010-А;8956.02
236-1028020;2200.88
236-1028020-Б;2013
236-1028031-А2;1127.28
840.1028062;200.07999999999998
840.1028087;147.62
840.1028088;218.38
240-1028094;749.0799999999999
240-1028101;2558.34
240-1028108-А;2036.18
236-1028160;190.32
236-1028180;3922.2999999999997
236-1028184;1836.1
236-1028196;93.94
236-1028238;93.94
236М2-1029002;10818.96
7511.1029002-02;24735.5
658.1029002;25968.92
236-1029034;427
840.1029034;392.84
240-1029074-А;3129.2999999999997
240-1029078;541.68
850.1029078;662.46
850.1029083;3878.38
240-1029084;1699.46
240-1029104-А;3026.8199999999997
850.1029104;12868.56
240-1029116;2624.22
7511.1029116-10;3264.72
236-1029120-В;6159.78
240-1029120;4803.14
7511.1029120-10;23421.559999999998
236-1029122-А;2426.58
240-1029122;2879.2
7511.1029122;5447.3
236-1029123;333.06
7511.1029123;251.32
840.1029140;938.18
236-1029154-Б2;1534.76
236-1029154-В;1886.12
7511.1029154-10;8133.74
236-1029172;1644.56
840.1029176-10;6396.46
240-1029220-Б;7540.82
240-1029221;5792.5599999999995
240-1029222;4274.88
240-1029228-А;1221.22
240Б-1029248-А;2315.56
236-1029260-В4;1626.26
236-1029260-Г;1916.62
7511.1029262;7244.36
236-1029264-Г;1073.6
7511.1029264;2858.46
236-1029265;254.98
236-1029268-Г;976
7511.1029268-10;3677.08
236-1029274;170.79999999999998
840.1029274-10;222.04
240-1029284-В;68.32
236-1029286-Б2;982.1
236-1029300-А;3220.7999999999997
236-1029300-Б;3292.7799999999997
240-1029300-А2;3586.7999999999997
240Б-1029334;6775.88
240-1029338;285.48
240-1029346;162.26
240-1029347;418.46
850.1029347;1198.04
850.1029401;5614.44
7511.1029590;119.56
8401.1030230;41586.14
8401.1030248;34.16
240-1104294-А;352.58
240-1104300-Б;1123.62
240-1104306;1801.94
7511.1104306-20;1864.1599999999999
236-1104308-В;1903.2
236-1104308-Г1;1982.5
236-1104308-Д;1708
236НЕ-1104308-А;1870.26
236НЕ-1104310-А;924.76
236НЕ-1104312-А;924.76
236НЕ-1104314-А;924.76
236НЕ-1104316-А;924.76
236НЕ-1104318-А;924.76
236НЕ-1104320-А;924.76
238-1104308;1678.72
240-1104308-В;2022.76
240-1104308-Г;1753.1399999999999
7511.1104308-11;2003.24
7511.1104308-20;1798.28
236-1104310-Г1;1770.22
240-1104310-В;2091.08
7511.1104310-11;1806.82
236-1104312-Г1;1770.22
236НЕ2-1104312-В1;1789.74
240-1104312-В;2091.08
7511.1104312-11;1806.82
236-1104314-Г1;1770.22
236НЕ2-1104314-В1;1789.74
240-1104314-В;2091.08
7511.1104314-11;1806.82
236-1104316-Г1;1770.22
236НЕ2-1104316-В1;1789.74
240-1104316-В;2091.08
7511.1104316-11;1806.82
236-1104318-Г1;1770.22
236НЕ2-1104318-В1;1789.74
240-1104318-В;2095.96
7511.1104318-11;1806.82
236-1104320-Г1;1770.22
236НЕ2-1104320-В1;1789.74
240-1104320-В;2143.54
7511.1104320-11;1806.82
240-1104322-В;2104.5
7511.1104322-11;1806.82
240-1104324-В;2067.9
7511.1104324-11;1803.1599999999999
240-1104326-В;2066.68
240-1104328-В;2067.9
240-1104330-В;2067.9
240-1104332-В;2067.9
240-1104340-В;1366.3999999999999
236-1104334;1296.86
840.1104336;7.32
240-1104337;7.32
240-1104337-Б;24.4
240-1104343;69.53999999999999
240-1104345-Б;524.6
236-1104346-В;1592.1
236-1104346-В2;1811.7
236ДК-1104346;1345.66
238-1104346-В;1755.58
238-1104346-В2;1811.7
238-1104346-Г;1805.6
238НД6-1104346;1456.68
240-1104346-А;989.42
240-1104346-Б2;1876.36
6565.1104346;1617.72
6585.1104346;1534.76
7511.1104346;1701.8999999999999
236-1104349;190.32
840.1104349;257.42
236НЕ-1104352;174.46
240-1104352;114.67999999999999
236-1104354-Б;112.24
6581.1104354-40;250.1
240-1104355;53.68
240-1104358;204.96
240-1104359;136.64
840.1104361-10;1127.28
236-1104364;256.2
240-1104364-Б2;172.02
236-1104365;186.66
240Н-1104366;285.48
240Н-1104367;381.86
236-1104370-Б;1812.92
238-1104370-Б;1904.4199999999998
240-1104370;1820.24
240-1104370-Б;1091.8999999999999
6565.1104370;2048.38
6585.1104370;1889.78
7511.1104370;1045.54
7511.1104370-10;973.56
840.1104370-01;1198.04
236НЕ2-1104373-Б;1405.44
7511.1104373;1632.36
840.1104373-20;1367.62
840.1104374-20;1632.36
840.1104375-20;1171.2
240-1104376;936.96
840.1104380;96.38
845.1104382;1539.6399999999999
850.1104382;2000.8
8501.1104382-10;1504.26
236-1104384;1295.6399999999999
236-1104384-Б;1221.22
236-1104384-В;1485.96
236-1104384-Г;1443.26
236-1104384-Е;1407.8799999999999
236НЕ-1104384;1507.92
238БМ-1104384;1250.5
240Н-1104384;1845.86
6561.1104384;1382.26
6565.1104382;469.7
6565.1104385;4289.5199999999995
6565.1104384;3237.88
840.1104384-01;1650.6599999999999
850.1104384-01;1995.9199999999998
845.1104384;1595.76
850.1104384-10;1653.1
236-1104387;305
240-1104390-А2;844.24
240-1104390-Б;1276.12
850.1104406;2537.6
240-1104410-А;900.36
8401.1104410-02;2048.38
850.1104410;2359.48
8501.1104410;1672.62
236-1104422-В;1422.52
236-1104422-Г;1579.8999999999999
236-1104422-Е;1489.62
236НЕ-1104422;1651.8799999999999
236НЕ2-1104422-А;2321.66
238-1104422-В;1553.06
238-1104422-Д;1760.46
238-1104422-Е;1687.26
238БМ-1104422-А;1781.2
240-1104422-А;1365.18
6561.1104422-10;1664.08
6561.1104422-20;1671.3999999999999
6581.1104422-10;1749.48
6581.1104422-20;1732.3999999999999
840.1104422-01;1820.24
850.1104422;2081.32
236-1104426;1228.54
236-1104426-В;1312.72
236-1104426-Г;1487.18
236-1104426-Д;1367.62
236-1104426-Е;1349.32
236НЕ-1104426;1772.6599999999999
236НЕ-1104426-Б;1772.6599999999999
236НЕ2-1104426;1944.68
238БМ-1104426;1444.48
240-1104426;1313.94
240Н-1104426;1288.32
6561.1104426;1373.72
6561.1104426-20;1255.3799999999999
6581.1104426;1665.3
6581.1104426-20;1427.3999999999999
840.1104426-01;1695.8
850.1104426-01;1839.76
236-1104429;248.88
236-1104430;276.94
236Т-1104430;250.1
238АК-1104430;540.46
240-1104430;333.06
236-1104431;363.56
840.1104431;611.22
240-1104433;511.18
7511.1104433;159.82
7511.1104434;25.62
238АК-1104436;1664.08
240-1104436;969.9
845.1104437;2228.94
850.1104437;1973.96
236-1104440;48.8
840.1104440;384.3
236-1104441;152.5
236-1104442-Б;14.64
240-1104442;26.84
658.1104444;566.08
840.1104444;725.9
240-1104449;23.18
240-1104450;1077.26
240-1104451;43.92
236-1104457-Б;53.68
240-1104459;136.64
840.1104825;34.16
840.1105010;4766.54
204А-1105510-Б;2135
240Т-1105510;3591.68
201-1105516;2131.34
201-1105524-А;802.76
201-1105528;3.66
201-1105532-Д;41.48
201-1105550;1882.46
240-1105550;1983.72
240-1106351-Б;1561.6
240-1106352;1592.1
240-1106354;8.54
840.1108038;4245.599999999999
850.1108038;4799.48
8401.1108039-10;4939.78
850.1108039;3980.86
8401.1108045-10;988.1999999999999
850.1108045;2343.62
840.1108050;1001.62
840.1108051;122
8401.1108051-10;103.7
850.1108051;173.24
840.1108054;427
840.1108056;159.82
204-1108059;20.74
204-1108060;34.16
840.1108061;71.98
840.1108136;4183.38
850.1108136;4584.76
850.1108138;3672.2
238-1109012;13346.8
238-1109020;6130.5
236-1109054;1776.32
236-1109064;150.06
236-1109084;2198.44
236-1109087-Б;4.88
236-1109090;453.84
236-1109092;211.06
236-1109094-А;334.28
236-1109104;1061.3999999999999
236-1109105;437.98
236-1109106;351.36
236-1109107;427
236-1109110;2719.38
236-1109118-А;403.82
236-1109124-А2;324.52
236БЕ-1111430-А;1144.36
238П-1111430;947.9399999999999
240Н-1111430;1021.14
236НЕ2-1111450-01;26083.6
7511.1111450-10;23186.1
8401.1111538;924.76
240-1111557;136.64
236Н-1111558;1017.48
236НМ-1111558;1094.34
236БЕ-1111558;1371.28
236БЕ-1111558-Б;1435.94
236БЕ-1111558-В;1251.72
238Б-1111558;1118.74
238Б-1111558-В;1196.82
238П-1111558;1144.36
238БМ-1111558;1154.12
238БК-1111558;1384.7
65652.1111558;1171.2
6581.1111558;1067.5
6585.1111558;1243.18
8401.1111558;915
840.1111570;1283.44
236-1111614;1176.08
238П-1111614;1104.1
240-1111614;1050.42
236-1111620;1095.56
236-1111620-Б;896.6999999999999
236-1111620-В;1559.1599999999999
236-1111620-Г;1744.6
236БЕ-1111620;1596.98
238-1111620;1144.36
238-1111620-В;1820.24
238БМ-1111620;1017.48
240-1111620;1104.1
7511.1111620;1983.72
236-1112163-Б2;505.08
240-1112163;555.1
840.1112406-10;1820.24
842.1112406-10;1876.36
840.1112470-10;2030.08
6565.1112552;451.4
201-1113153-Б;63.44
201-1114060-А;223.26
201-1114063;25.62
201-1114064-А;248.88
201-1114069;41.48
8401.1115011;11264.26
236БЕ-1115012;8699.82
236Н-1115012;4445.68
236НЕ-1115012;5993.86
238Б-1115012-Б;7578.639999999999
238ДК-1115012;7535.94
238ДК-1115012-Б;7696.98
6562.1115012;5392.4
6582.1115012;8050.78
840.1115012;6962.54
850.1115012;8901.119999999999
8401.1115013;9839.3
236БЕ-1115014;8599.78
236БЕ-1115014-Б;8285.02
238Н-1115014-Б;5708.38
240-1115014-Б;5652.26
240БМ-1115014;5680.32
840.1115014;8289.9
850.1115014;10484.68
236БЕ-1115020;7069.9
236БЕ-1115020-Б;7965.38
238Б-1115020-Б;8104.46
238Б-1115020-В;9086.56
238ДК-1115020;8335.039999999999
238ДК-1115020-Б;8181.32
240-1115020-Б;5376.54
7511.1115020-10;8321.619999999999
840.1115020;8233.78
236БЕ-1115021;7915.36
236-1115021-Б;5378.98
236Н-1115021;4543.28
236БЕ-1115021-Б;8428.98
236НЕ-1115021;5568.08
238-1115021;5574.18
238-1115021-Б;7828.74
238Б-1115021;7517.639999999999
238ДК-1115021;8263.06
238ДК-1115021-Б;7916.58
240-1115021-Б;6308.62
240БМ-1115021;6245.18
6565.1115021;5572.96
65652.1115021;5526.599999999999
7511.1115021;8206.94
7601.1115021;6106.099999999999
7601.1115021-10;7661.599999999999
840.1115021;7745.78
850.1115021;8065.42
236-1115024;5071.54
238-1115024-Б;5680.32
238-1115024-В;6311.0599999999995
240-1115024-Б;5813.3
240Н-1115024-В;7529.84
6565.1115024;5165.48
8401.1115024-01;9899.08
240Н-1115025-В;7908.04
240БМ-1115025;5632.74
236-1115030-В;5331.4
236-1115030-Г;5596.14
236А-1115030;7301.7
236БЕ-1115030;9797.82
236БЕ-1115030-Ж;9996.68
236Д-1115030;6714.88
238БК-1115030;8719.34
238Ф-1115030;6739.28
6561.1115030;8104.46
6565.1115030;6835.66
6581.1115030;8507.06
7511.1115030;6777.099999999999
236-1115032-В;6056.08
236-1115032-Г;6445.26
236БЕ-1115032;6750.26
238Ф-1115032;6325.7
240Б-1115032-А;7754.32
6565.1115032;6337.9
7511.1115032;7182.139999999999
236-1115034-Б;162.26
236А-1115034;131.76
236БЕ-1115036;200.07999999999998
236-1115040;61
238БК-1115048;222.04
240-1115048;691.74
240Н-1115048;706.38
236НЕ-1115059-10;681.98
240Б-1115059;240.34
7511.1115059;455.06
238В-1115124;107.36
236НЕ-1115128;8807.18
238Ф-1115128-Б;5322.86
240Н-1115128-А;1853.18
7511.1115128;7755.54
240Н-1115130-А;1579.8999999999999
7601.1115136;103.7
8401.1115155;1276.12
840.1115158-01;1450.58
240Н-1115200;1869.04
240Н-1115202;1287.1
240Н-1115206;463.59999999999997
240Н-1115214;1171.2
240Н-1115218;1067.5
240Н-1115222;4.88
8501.1115224;8566.84
8501.1115228;8654.68
238БК-1115280-Б;2594.94
238БК-1115284-Б;2518.08
8401.1115310;2078.88
8501.1115310;6203.7
8501.1115314;90.28
8401.1115330;1860.5
8401.1115338;1615.28
240НТ-1117010-А;3430.64
6565.1117010;17044.62
7511.1117010;3060.98
850.1117010;13034.48
201-1117016-Б2;1373.72
240-1117028-А;2056.92
7511.1117028;1715.32
204А-1117029;168.35999999999999
201-1117120;61
201-1117122-Б;150.06
201-1117124;129.32
240Н-1117147-А;949.16
840.1117152;1038.22
850.1117152;2476.6
850.1117182;5782.8
850.1117183;5835.26
850.1117205;705.16
850.1117209;267.18
850.1117240;1504.26
238НБ-1118107;315.98
238Ф-1118158;273.28
238БК-1118158;292.8
855.1118158;1354.2
8401.1118206-20;5138.64
8501.1118206;6668.5199999999995
8501.1118200;10937.3
8501.1118210;8285.02
240Н-1118214;119.56
8401.1118214;129.32
236Н-1118220-Г;2063.02
236БЕ-1118220-Г;2211.86
236БЕ-1118220-Д;2022.76
238Ф-1118220;2294.82
238БК-1118220;2083.7599999999998
6561.1118220-Б;2169.16
65652.1118220;2203.32
8401.1118220-10;2903.6
8401.1118220-20;1832.44
238БК-1118221;1567.7
8401.1118221-10;2056.92
8401.1118221-20;1836.1
238Ф-1118224;896.6999999999999
238БК-1118224;934.52
238БК-1118225;445.3
8401.1118230-01;780.8
8401.1118231-01;854
8401.1118234-20;240.34
8401.1118238;250.1
236БЕ-1118245;1948.34
65652.1118245;2060.58
8401.1118245-01;664.9
8401.1118246-20;265.96
238БК-1118249;63.44
236БЕ-1118340;911.34
236БЕ-1118340-Б;832.04
236БЕ-1118340-В;1118.74
236Н-1118340;845.46
236Н-1118340-В;1027.24
238Б-1118340;976
238БК-1118340;2726.7
240Н-1118340-Б;511.18
240Н-1118340-Г;2339.96
65652.1118340;783.24
238БК-1118341;5064.22
240Н-1118341-Б;503.86
240Н-1118341-Г;2568.1
240Н-1118356;627.08
238П-1118385;69.53999999999999
850.1118504;276.94
7511.1118560;104.92
6561.1130141;353.8
6561.1130160;544.12
8401.1170200-14;169697.12
8401.1170208-21;40573.54
8401.1170210-40;27240.16
8401.1170270-20;4478.62
8401.1170400;3212.2599999999998
240-1303012;808.86
7601.1303014;147.62
240-1303016;223.26
850.1303048-01;1001.62
850.1303052;1311.5
847.1303088;950.38
240-1303090-Б;1916.62
840.1303090;3788.1
240-1303098;308.65999999999997
240-1303100-Г;8593.68
6562.1303100;5605.9
6582.1303100;5446.08
840.1303100;11208.14
840.1303100-10;11001.96
850.1303100;16434.62
236-1303101-Г;6228.099999999999
240-1303101-Г;8310.64
6562.1303101;5147.18
6582.1303101;5796.22
840.1303101;9833.199999999999
840.1303101-10;10912.9
850.1303101-10;18396.38
850.1303102;17153.2
240-1303104-В;4350.5199999999995
6582.1303104;3541.66
6562.1303104;3425.7599999999998
6563.1303104;3636.8199999999997
7601.1303102-20;35203.1
7601.1303104-41;8034.92
840.1303104;8437.52
240-1303105-В;4323.68
7601.1303105-40;5819.4
7511.1303105-20;5987.76
840.1303105;6986.94
850.1303105-10;15661.14
240-1303108-В;4134.58
240-1303110-В;4679.92
7511.1303112-10;6934.48
8401.1303112-10;7540.82
8501.1303112;12132.9
7511.1303114-10;6717.32
8401.1303114-10;8389.94
8501.1303114;11382.6
850.1303121;137.85999999999999
850.1303122;57.339999999999996
240-1303130-В;1923.94
840.1303130;1995.9199999999998
850.1303130;2501
240-1303148;189.1
240-1303152-Б;1196.82
840.1303156;2196
847.1303156;1329.8
240-1303166-Б;2039.84
840.1303167;10338.28
840.1303168;1861.72
840.1303174;3192.74
240-1303176-В;3054.88
240Б-1303176;1593.32
240Б-1303182;1400.56
240Б-1303184;1184.62
850.1303188;79.3
850.1303208;5608.34
8502.1303208;5220.38
240-1303226;1684.82
240-1303240-Б;1234.6399999999999
240-1303242-Б;1139.48
240-1303246;279.38
8401.1303278-20;2249.68
8401.1303280-10;4510.34
8401.1303284-10;3714.9
8401.1303292-10;1705.56
8401.1303296-10;3235.44
8401.1303300-10;3378.18
850.1303320;14306.94
850.1303321;2814.54
8401.1303322-10;4567.68
850.1303324;129.32
846.1303524;203.74
847.1303524;225.7
840.1305008;1449.36
240-1305010-Б;1450.58
240-1305041;197.64
236-1306070-А3;1875.1399999999999
236-1306080-А2;1144.36
658.1306080;1842.2
236-1306084;185.44
7511.1306084;190.32
7601.1306084;190.32
7601.1306090;886.9399999999999
236-1307010-Б3;14653.42
658.1307010;14815.68
7511.1307010-03;14815.68
7511.1307010-04;14815.68
840.1307010-03;19539.52
840.1307015;10483.46
850.1307023-10;1499.3799999999999
850.1307033;640.5
840.1307040-02;244
840.1307045-01;1506.7
7511.1307048;384.3
236-1307081;225.7
240-1307084;2425.36
236-1307111;137.85999999999999
8401.1307136;418.46
236-1307155-А;5926.76
7511.1307155-02;6054.86
840.1307155;7010.12
236-1307206;2280.18
236-1307216-Г1;3093.92
7511.1307216-01;1413.98
236НД-1308004;30391.42
236НЕ-1308004;18730.66
236НЕ-1308025-Б;5908.46
236НЕ-1308004-Б;16584.68
236НЕ-1308004-В;16777.44
238В-1308004;16656.66
238К-1308004;16681.06
238НБ-1308004;22807.899999999998
238НП-1308004;21170.66
7514.1308004;21725.76
236НД-1308011-Б;21112.1
236НД-1308011-В;22077.12
236НЕ-1308011-Д;12731.92
236НЕ-1308011-И;14447.24
236НЕ-1308011-К;13327.279999999999
238БК-1308011-Д;14902.3
238НП-1308011-В;15456.18
238К-1308011-Г;12951.52
238НБ-1308011-Д;15051.14
238АК-1308011;12789.26
238В-1308011;13194.3
7511.1308011-40;15091.4
7514.1308011-20;16692.04
236-1308012-А4;2962.16
236У-1308012;2985.34
236НЕ-1308012;3192.74
238-1308012-А4;3172
238Н-1308012;3307.42
238У-1308012;3119.54
238НБ-1308012-Б2;3198.84
238БЕ-1308012-А;3211.04
238АК-1308012;3478.22
240Б-1308012;3651.46
7511.1308012;3933.2799999999997
845.1308012-01;35175.04
850.1308012;32791.159999999996
АД-100.1308012;4029.66
236-1308014-Г;883.28
236-1308015;93.94
238-1308015-А;98.82
240Б-1308015;174.46
206-1308016-Б;43.92
236НЕ-1308016;93.94
240Б-1308016;29.28
204-1308017;2.44
236-1308019-Б;890.6
236-1308025-В2;2304.58
236НЕ-1308025;3706.36
238НП-1308025;4825.099999999999
238НБ-1308025;3267.16
236НЕ-1308050-Г;1372.5
236НЕ-1308050-Д;1420.08
238АК-1308050;2267.98
7511.1308050-10;3758.8199999999997
7514.1308050-10;3298.88
238АК-1308051;379.42
7511.1308051;589.26
236-1308055-Б2;425.78
240Б-1308064-А;466.03999999999996
236-1308090-В2;8357
238НП-1308098;251.32
236НЕ-1308102-Б3;4734.82
236-1308104-Б2;1795.84
236-1308104-В;2538.82
236-1308107-А;269.62
238АК-1308110;7084.54
240Б-1308116;1433.5
238АК-1308138;3053.66
236-1308630;2253.34
236-1308632;634.4
850.1308674;312.32
236НЕ-1308754-А;1346.8799999999999
658.1308754-10;1179.74
850.1308754-10;1171.2
236НЕ-1309010;2831.62
7511.1309010;3919.86
236НЕ2-1309064-Б;535.58
238БЕ2-1309064-Б;430.65999999999997
7511.1309064;458.71999999999997
7511.1309064-20;562.42
236НЕ-1309065;129.32
656.1309065;197.64
7511.1309065;81.74
236НЕ-1309066;505.08
238БЕ-1309066;562.42
7511.1309066;581.9399999999999
7511.1309066-10;735.66
236НЕ2-1309072;441.64
238БЕ2-1309072;445.3
7511.1309072;451.4
236НЕ-1309074;386.74
238БЕ-1309074;398.94
7511.1309074-10;433.09999999999997
240Б-1318056;150.06
240Б-1318124;23.18
240Б-1318234;306.21999999999997
181.1600008;50675.14
181.1600008-10;51342.479999999996
182.1600008;52872.36
182.1600008-10;53279.84
183.1600008;50414.06
183.1600008-10;50803.24
184.1600008;54566.94
184.1600008-15;54331.479999999996
181.1600008-15;51635.28
182.1600008-15;54403.46
183.1600008-15;51441.299999999996
238-1600008;54726.76
238Т-1600008;53749.54
236К-1600008;53650.72
236КТ-1600008;53650.72
238Н-1600008;55000.04
238НТ-1600008;55000.04
238-1600008-В;53650.72
238Т-1600008-В;53650.72
183.1600020-40;6627.04
183.1600020-80;6701.46
238-1601010;17486.26
238-1601010-В;16978.739999999998
184.1601015;15159.72
2392.1601015-10;32922.92
0905.1601015;25848.14
0905.1601007;27136.46
200-1601021;86.62
238У-1601025;200.07999999999998
236-1601030-А2;289.14
238У-1601031;2643.74
238Н-1601040;108.58
181.1601090;19326.02
181.1601090-05;19121.06
182.1601090;19823.78
182.1601090-05;19166.2
183.1601090;19190.6
183.1601090-05;19108.86
184.1601090;22460.2
184.1601090-03;23560.64
184.1601090-05;22444.34
187.1601090;41780.12
236К-1601090-Б2;16467.56
238-1601090-Г3;19140.579999999998
238-1601090-Г4;16809.16
238Н-1601090-Б2;16915.3
238-1601092;7622.5599999999995
182.1601093-10;6947.9
183.1601093-10;6983.28
187.1601093;31713.899999999998
238-1601093;6002.4
238Н-1601093;6092.68
238-1601094-Г;7566.44
236-1601095-Б2;658.8
182.1601097;311.09999999999997
238-1601105;373.32
236-1601108-Б;428.21999999999997
236-1601109-В;189.1
236-1601110-В;63.44
236-1601111;79.3
236-1601113;129.32
181.1601115;12076.779999999999
182.1601115;12420.82
184.1601115;12711.18
236-1601117;30.5
182.1601120;1889.78
184.1601120-71;2156.96
236-1601120;1338.34
182.1601122;7465.18
182.1601125;6128.0599999999995
181.1601130;12563.56
181.1601130-13;12706.3
181.1601130-80;12641.64
182.1601130;13915.32
182.1601130-10;13313.86
182.1601130-03;12666.039999999999
184.1601130-10;17087.32
184.1601130-13;15450.08
187.1601130;43162.38
181.1601130-10;13871.4
184.1601135;250.1
182.1601142;2541.2599999999998
183.1601142-80;3324.5
184.1601143;2419.2599999999998
184.1601145;2400.96
184.1601153;1089.46
184.1601158;136.64
184.1601167;2458.2999999999997
182.1601178;3736.86
183.1601180-01;9818.56
184.1601180-31;10606.68
182.1601187;204.96
182.1601190;93.94
182.1601193-02;4911.72
183.1601195;85.39999999999999
183.1601197;513.62
182.1601199-01;344.04
236-1601200-А;1112.6399999999999
184.1601202-75;11065.4
183.1601203;3623.4
184.1601203;3902.7799999999997
184.1601203-75;3517.2599999999998
1830.1601203-01;4804.36
1840.1601203-01;4884.88
236-1601203-Б2;1512.8
184.1601214-71;2819.42
184.1601215-10;3714.9
183.1601402;15.86
183.1601404;29.28
236-1601215-Б;3211.04
184.1601216;527.04
236-1601216-Б2;506.3
236-1601230-А;886.9399999999999
182.1601273;204.96
184.1601273-71;574.62
182.1601275;547.78
236-1601282;102.48
236-1601283;84.17999999999999
238-1601302;631.96
238-1601304;1163.8799999999999
238-1601308;836.92
236-1601332;220.82
238-1601334;275.71999999999997
238-1601336;63.44
182.1601342;158.6
182.1601343-10;549
182.1601344;267.18
182.1601360;535.58
182.1601364-50;148.84
236Н-1700003;288920.39999999997
236Н-1700003-10;290628.39999999997
236Н-1700003-30;292331.52
236У-1700003;289942.76
236У-1700003-10;291670.27999999997
236У-1700003-20;289774.39999999997
236У-1700003-30;290628.39999999997
236У-1700003-40;290457.6
236У-1700003-50;292331.52
236У-1700003-60;291481.18
236У-1700003-70;293190.39999999997
2361.1700003-50;302594.16
2361.1700003-52;304132.58
236Л-1700004;289942.76
236Л-1700004-10;291670.27999999997
236Л-1700004-20;289774.39999999997
236П-1700004;286492.6
236П-1700004-10;287360.02
236П-1700004-30;289082.66
236П-1700004-40;290810.18
236П-1700004-50;289942.76
236П-1700004-70;291670.27999999997
2361.1700004-02;313342.36
2361.1700004-06;314561.14
2361.1700004-56;314901.52
2361.1700004-58;316442.38
2361.1700004-59;317951.52
2361.1700004-80;314107.3
2361.1700004-81;314451.33999999997
2361.1700004-87;314796.6
2361.1700004-156;315831.16
2361.1700004-256;316611.96
239.1700025-02;643742.76
239.1700025-04;645389.76
239.1700025-12;647267.34
239.1700025-20;646092.48
239.1700025-22;645858.24
239.1700025-24;645979.02
2391.1700025-05;660188.36
2391.1700025-20;660660.5
2391.1700025-23;669587.24
2391.1700025-29;666822.72
2391.1700025-42;669448.16
2391.1700025-43;672997.14
2393.1700025-01;677813.7
2393.1700025-03;674991.84
2393.1700025-14;687838.44
2393.1700025-20;691104.38
2393.1700025-23;695241.4
2393.1700025-150;694066.54
2393.1700025-152;672388.36
2391.1700026-22;658667.02
2393.1700026-50;695307.28
2361.1700030-88;293070.83999999997
239.1700402;2033.74
236-1701001;26284.899999999998
236-1701009-Б;27426.82
238М-1701009-40;27986.8
239.1701009;27908.72
236.1701010-Б;27274.32
239.1701010-10;27928.239999999998
236-1701015-Б;27900.18
236-1701020;1393.24
0905.1701025;29405.66
236Н-1701027-Б;10750.64
239.1701027-10;23217.82
2381.1701029;307.44
2381.1701030;22021
200-1701034;175.68
238-1701034;279.38
201.1701035;64.66
239.1701035;1426.18
201.1701036;92.72
236-1701039-А2;6301.3
2381.1701039;10359.02
236-1701040-А2;4564.0199999999995
2381.1701040;9786.84
336.1701040;8026.38
0905.1701041;8951.14
200-1701041;9.76
336.1701041-11;5574.18
236-1701043-Б;259.86
336.1701043;189.1
236-1701048-Б;15257.32
239.1701048-10;22330.88
236-1701050;2657.16
1509.1701050;7073.5599999999995
236-1701051;3207.38
238А-1701051;4679.92
239.1701051-10;7390.76
1509.1701052;14855.94
2391.1701052;15245.119999999999
1509.1701053;9746.58
236У-1701053;5197.2
238А-1701053;6590.44
2391.1701053;12911.26
236Н-1701056-А;4578.66
239.1701056;8425.32
236-1701057;2474.16
236-1701057-Б;2762.08
236-1701059;602.68
238-1701059;608.78
200-1701060;146.4
236-1701063;269.62
200-1701065;120.78
236-1701067-А;223.26
236-1701074-А2;1140.7
236-1701076;9.76
236-1701082-Б;5333.84
239.1701082-10;6813.7
200-1701084;450.18
236-1701087;223.26
236-1701092;1816.58
238-1701092;1820.24
239.1701092;2464.4
236-1701093;230.57999999999998
1509.1701100;142465.5
236-1701105-Б;19820.12
239.1701105;26511.82
236-1701112-Б;5732.78
12059.1701112;5227.7
238М-1701112;12623.34
239.1701112-10;9357.4
236-1701113-Б2;2995.1
238-1701113;3597.7799999999997
236-1701122-А;1127.28
236-1701127;5499.76
239.1701127-10;8105.679999999999
1509.1701127;9420.84
236У-1701129;4326.12
238А-1701129;5111.8
236-1701131;4643.32
238А-1701131;6751.48
239.1701131-10;7029.639999999999
239.1701132-10;7187.0199999999995
2391.1701132;8360.66
1509.1701132;8926.74
200-1701133;47.58
236-1701135;2160.62
239.1701135;649.04
239.1701136;551.4399999999999
239.1701136-01;578.28
239.1701136-02;549
239.1701136-03;589.26
239.1701137;2987.7799999999997
236-1701138;2039.84
239.1701140-10;9245.16
239.1701143;1528.6599999999999
236-1701144-Г;1017.48
236-1701144-Д;1033.34
236-1701144-Е;1085.8
236-1701144-Ж;1018.6999999999999
236-1701145-А;418.46
236-1701150-Б2;12494.02
239.1701150;34172.2
236-1701151-А;9796.6
336.1701151;35200.659999999996
200-1701164-А;2427.7999999999997
200-1701165-А;2346.06
236-1701166-Б2;907.68
336.1701170;6873.48
200-1701176-Г;1644.56
200-1701177-Е;41.48
200-1701192;242.78
336.1701193;1518.8999999999999
336.1701193-01;1672.62
336.1701193-02;1877.58
336.1701193-03;1561.6
238-1701194;1938.58
236-1701200-Б;3717.34
2361.1701200-10;3418.44
236-1701201-Б;2830.4
236-1701205-Б4;3336.7
236-1701230;437.98
210-1701240-Б;4150.44
236-1701240-10;6054.86
236-1701240-Б2;4933.68
236Н-1701242-Б2;791.78
236-1701243;279.38
236Н-1701249;181.78
239.1701278;3856.42
239.1701279;17843.72
238-1701283;241.56
239.1701286;2175.2599999999998
239.1701288;6835.66
336.1701290;9940.56
336.1701291;9993.02
239.1701428;1487.18
239.1701428-01;1473.76
239.1701428-02;1459.12
239.1701428-03;1435.94
239.1701458-10;5480.24
239.1701462;1263.92
239.1701462-01;1263.92
239.1701462-02;1222.44
239.1701462-03;1263.92
239.1701468;2814.54
236-1701476-Б;1481.08
239.1701476;1876.36
236-1701478-Б;988.1999999999999
239-1701478;1405.44
336.1701479;363.56
336.1701479-01;359.9
336.1701479-02;359.9
336.1701479-03;359.9
336.1701479-04;359.9
239-1701480;9043.86
336.1701481;9479.4
336.1701483;461.15999999999997
336.1701483-01;485.56
336.1701483-02;461.15999999999997
336.1701483-03;474.58
336.1701483-04;477.02
1509.1702010;25972.579999999998
236-1702010-Б;13779.9
239.1702010;35913.14
236-1702012;6636.8
238-1702012;6893
238-1702014;599.02
238-1702015-Б;8505.84
239.1702015;6753.92
236-1702024;1661.6399999999999
336.1702024;2620.56
236-1702025;120.78
236-1702027;2870.66
239.1702027;3568.5
236-1702028;1729.96
239.1702028;1980.06
236-1702033;2691.32
239.1702033;3314.74
336.1702035;2460.74
1509.1702035;4088.22
336.1702047;136.64
238-1702050;3002.42
236-1702053;753.96
238-1702053;2143.54
239.1702053;2416.82
236-1702060-А2;1378.6
239.1702060;2133.7799999999997
236-1702064;1080.92
239.1702064;1800.72
236-1702074;927.1999999999999
239.1702074;1461.56
336.1702083-10;276.94
236-1702087;50.019999999999996
336.1702089-10;146.4
236Н-1702114;4688.46
236Н-1702118-А;2940.2
238Б-1702114;5120.34
2391.1702114;5110.58
238Б-1702119;2054.48
2391.1702119;1972.74
236У-1702121-Б;2131.34
239.1702122;67.1
236-1702125;962.5799999999999
236-1702126;147.62
236У-1702128-А;102.48
236-1702129;123.22
236У-1702131-А;78.08
236-1702132;391.62
236-1702170-А;474.58
236-1702171-Б;152.5
236-1702172-Б;14.64
238Н-1702178;174.46
236-1702182;103.7
236-1702184;111.02
0905.1702200;27491.48
239.1702200;24656.2
239.1702200-02;24347.54
2392.1702200;26870.5
336.1702209;8155.7
336.1702209-20;8426.539999999999
33.1702217;1001.62
239.1702221;4606.72
2392.1702221;5422.9
336.1702222-20;4382.24
336.1702244;34.16
236-1704010-А;3919.86
336.1704010;4576.22
336.1704010-10;4672.599999999999
236-1704015-Б;1962.98
236-1704018-Б;1839.76
336.1704018;1989.82
236-1704020-Б;1681.1599999999999
236-1704025;115.89999999999999
336.1704025;114.67999999999999
236-1704026;150.06
336.1704029;43.92
336.1704030;495.32
236-1704040-Б;680.76
336.1704040;662.46
236-1704042-В;276.94
336.1704042;279.38
336.1704045;518.5
336.1704049;345.26
236-1704054-Б;1174.86
236-1704060;114.67999999999999
336.1704300;1897.1
850.1714600;82168.22
850.1714620;33590.26
850.1714622;30175.48
238-1721033;363.56
238Б-1721240;4454.22
238П-1721240;5015.42
238М-1721249;208.62
239.1721380;5631.5199999999995
201.1721414;68.32
201.1721416;89.06
239.1722091;63.44
238Н-1723009-01;12467.18
238Н-1723015-Б;4041.86
238Н-1723018-Б;2575.42
238-1723019;250.1
238Н-1723020;686.86
238Н-1723024;589.26
238Н-1723028;753.96
238Н-1723030;345.26
238Н-1723032;1595.76
238Н-1723038;409.92
238Н-1723043;1255.3799999999999
239.1723081-01;974.78
238Н-1723092;1110.2
238Н-1723100;1030.9
238Н-1723101;119.56
238Н-1723102;40.26
238Н-1723103;201.29999999999998
238Н-1723104;53.68
238Н-1723154;53.68
238М-1723162-40;708.8199999999999
238-1723280;170.79999999999998
45 9318 1096;134.2
45 9327 1074;142.74
45 9327 6074;168.35999999999999
45 9327 6144;248.88
45 9328 1097;230.57999999999998
45 9328 1195;187.88
45 9328 1197;204.96
9.1339;215.94
238АК-3408010-Б;9836.86
238АК-3408100;4328.5599999999995
238АК-3408104;2802.34
238АК-3408106;1209.02
238АК-3408108;211.06
238АК-3408110;258.64
238АК-3408112;191.54
238АК-3408114;103.7
45 9347 1619;95.16
45 9348 1569;82.96
45 9348 1571;186.66
45 9348 6555;85.39999999999999
45 9348 6557;96.38
8401.3509010;41891.14
840.3509260-01;829.6
7511.3509300;6747.82
236-3509308-Б;832.04
8401.3509432-10;1033.34
236-3701025-Б2;324.52
238НБ-3701027-Б;59.78
240-3701028;4254.14
240-3701706-В;490.44
840.3701715;7044.28
850.3701716;3967.44
240-3701754-Б;2257
240-3701755-В;2708.4
236-3701770;2468.06
238-3701770;2202.1
240-3701770-Д2;2385.1
658.3701770;2483.92
236-3701774;2821.86
238-3701774-Б;2359.48
238НБ-3701774;2516.86
238АК-3701774;2257
238АК-3701774-А;2242.36
238АК-3701774-Б;4571.34
240-3701774-Д2;3041.46
658.3701774;2486.36
850.3701774;5476.58
855.3701774;1427.3999999999999
238-3701780;333.06
236БК-3701790;345.26
236НД-3701790;385.52
238-3701790;333.06
238-3701790-10;339.15999999999997
238АК-3701790;662.46
238ДК-3701790;342.82
240Б-3701790-Б;269.62
658.3701790;390.4
7511.3701790-20;524.6
658.3701791;111.02
236ЕК-3701792;939.4
850.3701792;727.12
845.3701792-10;1794.62
658.3701795;883.28
7511.3701795-01;244
850.3701795;1739.72
236ЕК-3701798;47.58
240-3708700;3164.68
236-3708702-Б;1520.12
236-3708702-В;1389.58
8401.3708702;1545.74
236-3708704-Б;1346.8799999999999
236-3708704-В;1124.84
240-3708710;90.28
240-3708718;93.94
236-3708720;178.12
240-3708720;224.48
240-3708721;2105.72
240-3708724-Б;109.8
236-3802024;251.32
202.3802033-40;1758.02
236-3802033-Б;1772.6599999999999
201.3802034;1111.42
236-3802034-Б;1018.6999999999999
236-3802074;56.12
236.3802230-01;4953.2
240-3813862-Б;137.85999999999999
240-3813868;40.26
240-3813870;96.38
840.3901011;7987.34
236-3901214-А;189.1
240-3901478;549
183.1602805;42363.28
183.4200002;127754.73999999999
183.4200002-76;142275.18
184.4200002-78;142205.63999999998
187.4200002;158343.8
181.4200004;108204.23999999999
184.4200004;111457.98
182.4200005;104320.98
236Г-4200005;77628.59999999999
238-4200005;82414.66
238Б-4200005;82513.48
238АК-4200005;83374.8
238ДК-4200005-20;76515.95999999999
236-4200010;48191.22
236К-4200010;50573.88
238-4200010;61513.619999999995
238АК.4200010;65776.3
238ДК.4200010;51635.28
184.4200011;70392.78
184.4200011-15;70392.78
181.4200012-20;57341.22
236-4200012;56578.72
238-4200012;59093.14
238АК-4200015;13257.74
238ДК-4200015;13271.16
238АК-4200020;10113.8
238АК-4200020-10;9331.78
238АК.4200023;784.46
238АК.4200025;172.02
238АК-4200028;29.28
238АК-4200035;416.02
238ДК-4200040-01;14032.44
236-4200090;6936.92
238.4200090;7311.46
238-4200095;15960.039999999999
238АК-4200095;32866.8
238БК-4200095;33758.62
238ДК-4200095;19204.02
187.4200095;22023.44
236К-4200100-10;13787.22
238-4200100;15940.52
238АК-4200100;42374.26
238БК-4200100-01;38337.28
238ДК-4200100;23848.559999999998
238АК-4200105;5130.099999999999
238ДК-4200105;5130.099999999999
238АК-4200110;5762.0599999999995
238ДК-4200110-01;5156.94
238АК-4200112;122
238АК-4200120-10;3995.5
187.4200130;13925.08
238.4200130;14619.26
238АК-4200130;23760.72
238ДК-4200130;15674.56
187.4200142;6314.72
238.4200142;2155.74
238-4200150;230.57999999999998
238АК-4200210;558.76
8502.4202039-20;15664.8
238АК-4611201-В;16019.82
238АК-4611210;9179.28
238АК-4611214;2646.18
238АК-4611218-Б;4778.74
238АК-4611220-Б;4715.3
238АК-4611221;158.6
238АК-4611222;613.66
238АК-4611223;151.28
238АК-4611248-Б;5797.44
238АК-4611250-Б;4789.72
238АК-4611251;219.6
238АК-4611252;239.12
238АК-4611255;34.16
238АК-4611260-А;93.94
238АК-4611261-А;159.82
45 9348 1559;47.58
45 9824 6257;34.16
45 9824 6263;57.339999999999996
45 9824 6265;111.02
45 9824 6266;146.4
45 9824 6270;135.42
65802.1002235;1113.86
65802.1002251-10;539.24
65802.1002251-30;1166.32
65802.1002253-20;631.96
65802.1002352;652.6999999999999
65802.1104359;215.94
65802.1115059;650.26
65802.1117148;2171.6
65802.1117150;785.68
65802.1117152;4168.74
65802.1306072;1736.06
65802.1306080;1444.48
65802.1306098;9943
65802.1306112;252.54
65802.1307010;9813.68
65802.1308011-40;77926.28
65802.1308042;1971.52
65802.1308046-20;2867
65802.1308110-30;22363.82
65802.1308140;633.18
65802.1308928-10;553.88
65802.3509110-40;54763.36
65802.3509306-10;910.12
65802.3509306-20;910.12
65802.3509316-30;507.52
65802.3509316-40;719.8
65802.3701790-10;2890.18
65802.3701798;1105.32
201-1005034-Б6;1331.02
236-1000102-Б2;2280.18
236-1000102-Б2-Р1;2280.18
236-1000102-Б2-Р2;2280.18
236-1000102-Б2-Р3;2280.18
236-1000102-Б2-Р4;2280.18
236-1000102-Б2-Р5;2280.18
236-1000102-Б2-Р6;2280.18
236-1000104-В2;2365.58
236-1000104-В2-Р1;2365.58
236-1000104-В2-Р2;2365.58
236-1000104-В2-Р3;2365.58
236-1000104-В2-Р4;2365.58
236-1000104-В2-Р5;2365.58
236-1000104-В2-Р6;2365.58
236-1007010-В2;957.6999999999999
236-1007015-В6;976
236-1007032-В1;444.08
236-1011014-В3;22194.239999999998
236-1011048-Б;2644.96
236-1011363-Б2;3017.06
236БЕ-1008042-В;5460.72
236БЕ-1008043-В;5702.28
236БЕ-1008088;4023.56
236БЕ-1008358-А;1823.8999999999999
236БЕ-1008482-Г;4826.32
236БЕ-1008524-В;5332.62
236БЕ-1008525-А;5766.94
238-1000102-Б2;2862.12
238-1000102-Б2-Р1;2862.12
238-1000102-Б2-Р2;2862.12
238-1000102-Б2-Р3;2862.12
238-1000102-Б2-Р4;2862.12
238-1000102-Б2-Р5;2862.12
238-1000102-Б2-Р6;2862.12
238-1000104-В2;3170.7799999999997
238-1000104-В2-Р1;3170.7799999999997
238-1000104-В2-Р2;3170.7799999999997
238-1000104-В2-Р3;3170.7799999999997
238-1000104-В2-Р4;3170.7799999999997
238-1000104-В2-Р5;3170.7799999999997
238-1000104-В2-Р6;3170.7799999999997
238АК-1002203-Б;86056.36
238АК-1002205-А;34633.36
238АК-1005065-30;85618.38
238АК-1005514-10;52.46
238НБ-1008088-01;4431.04
238НБ-1008088-А;4899.5199999999995
855.1008083;585.6
240-1000104-Б2;4595.74
240-1000104-Б2-Р1;4595.74
240-1000104-Б2-Р2;4595.74
240-1000104-Б2-Р3;4595.74
240-1000104-Б2-Р4;4595.74
240-1000104-Б2-Р5;4595.74
240-1000104-Б2-Р6;4595.74
240-1011014-Б;18624.52
240-1011015;3908.88
240-1011016-А;2513.2
240-1011030;2410.72
240-1011110;1718.98
240-1011230-А;2232.6
240-1014138;92.72
240-1029230;3901.56
240-1029308-А;7521.3
240-1029312;1250.5
240-1029316-Б;146.4
240-1029326;24339
240-1029330-Б;6373.28
240-1029336;2455.86
240Б-1011040;3644.14
240Б-1011100;1582.34
240Н-1011014-Б;18672.1
240Н-1011048;3409.9
45 7375 5041;1417.6399999999999
47 8571 3273;561.1999999999999
7511.1003264-02;868.64
7511.1007010;983.3199999999999
7511.1007190;279.38
7511.1013600-03;46412.46
7511.1013724;1312.72
7511.1013734-01;3646.58
7601.1013600-03;33974.56
7601.1013734-01;2409.5
7601.1013734-10;2415.6
8.8906;4948.32
8.9330;4697
840.1000102;4161.42
840.1000102-Р1;4161.42
840.1000102-Р2;4161.42
840.1000102-Р3;4161.42
840.1000104;3917.42
840.1000104-Р1;3917.42
840.1000104-Р2;3917.42
840.1000104-Р3;3917.42
845.1000107;291143.24
850.1000107;294389.66
840.1004058;258.64
840.1004059;258.64
840.1005170;329.4
840.1005171;329.4
840.1002021-11;11413.1
840.1005121-01;3108.56
840.1005193;667.34
840.1005194-10;746.64
840.1005688;40.26
840.1006026-10;530.6999999999999
840.1006037-10;496.53999999999996
840.1006214-01;10844.58
840.1007091;5936.5199999999995
840.1007091-01;5936.5199999999995
840.1007100;5762.0599999999995
840.1007100-01;5762.0599999999995
840.1007106;2513.2
855.1007106;46023.28
840.1007110-01;12575.76
840.1007140-01;14170.3
840.1007147;492.88
840.1007180;11413.1
840.1011054;18214.6
840.1011296-10;599.02
840.1013630;1343.22
840.1028010;59761.7
840.1028020;15095.06
840.1028035;16561.5
840.1028064;98.82
840.1028078;16184.52
840.1029114-01;7805.5599999999995
840.1029115-02;20420.36
840.1029128;6436.72
840.1029260-11;8369.199999999999
840.1029262-11;12313.46
840.1029264-10;7501.78
840.1029270-10;6184.18
847.1004015-01;5845.0199999999995
840.1002021-20;4402.98
855.1002021;6353.76
8401.1013650-01;48746.32
8401.1170220-03;49331.92
841.1002260;38060.34
841.1002264;35631.32
841.1005061;11698.58
841.1008025;9617.26
841.1008026;9006.039999999999
841.1008029;13766.48
841.1008030;14267.9
841.1011240;15462.279999999999
841.1012010;37452.78
842.1011019;9428.16
842.1011293;2198.44
842.1013700;832.04
842.1013708;6752.7
842.1014149;7958.0599999999995
842.1029286;6315.94
842.1029584;20167.82
8421.1008042-20;9367.16
8421.1008043-10;9738.039999999999
8421.1008344-20;24694.02
8421.1008346-20;16479.76
8421.1011014;41301.88
8421.1014149;8266.72
8423.1005061-20;13717.68
8423.1008025;7820.2
8423.1008026;8581.48
8423.1008029;11292.32
8423.1008030;10450.52
8423.1008042-10;9245.16
8423.1008043-10;11331.36
8423.1008344-20;26236.1
8423.1008346-20;18584.26
8423.1009130;9617.26
8423.1009135-01;3946.7
850.1001017;24143.8
850.1011293;2896.2799999999997
850.1011356;2774.2799999999997
850.1011415;2431.46
850.1012202;3307.42
850.1308675-20;9159.76
45 7382 5054;434.32
45 7382 5164;613.66
45 7382 5168;581.9399999999999
45 7382 7233;1063.84
238Б-1029438-А;520.9399999999999
840.1029438-01;940.62
8.9023;64322.06
8.9496;61636.84
9.1587;74912.88
236-1005160-А6;2577.86
236-1005160-А7;2152.08
236-1005160-А8;2831.62
8.9175;929.64
236-1004002-А4;1222.44
236-1004020-01;838.14
236-131Т;1222.44
658.1004002;1599.42
7511.1004002;1246.84
7511.1004052-21;524.6
7511.1004020-03;919.88
8401.1004020-01;1106.54
85504.1004012;10306.56
8401.1004045;34070.94
8401.1004045-10;16470
8421.1004002;1459.12
236НЕ2-1022826-40;607.56
236НЕ2-1104384-40;899.14
236НЕ2-1104422-40;940.62
236НЕ2-1104426-40;941.84
238-1104346-Д;585.6
236-1104334-40;486.78
236-1104346-Д;562.42
236-1104370-В;875.96
238-1104370-В;1149.24
236-1104384-Ж;967.4599999999999
236-1104422-Ж;1080.92
236-1104426-Ж;973.56
6562.1104422-40;1076.04
6562.1104426-40;960.14
6565.1112410-10;2377.7799999999997
6565.1112420-10;2377.7799999999997
6565.1112430-10;2377.7799999999997
6565.1112440-10;2377.7799999999997
6565.1112450-10;2377.7799999999997
6565.1112460-10;2377.7799999999997
65652.1104415;1849.52
65652.1104422;1511.58
658.1115048;908.9
6581.1104384-40;873.52
6581.1104422-40;986.98
6581.1104426-40;967.4599999999999
6585.1104382;469.7
6585.1104384-10;2599.82
6585.1104410;1174.86
6585.1104422;1295.6399999999999
6585.1104426;1268.8
6585.1111620;1417.6399999999999
6585.1111670-10;1315.16
6565.1111670;1537.2
6585.1111672-10;1315.16
6565.1111672;1537.2
6565.1111675;1930.04
6585.1112312;1349.32
6585.1112410-10;2646.18
6585.1112420-10;2646.18
6585.1112430-10;2646.18
6585.1112440-10;2646.18
6585.1111675-10;2360.7
6585.1104385;3894.24
840.1112402-10;1073.6
840.1112412-10;1191.94
9.1195;24537.86
9.1196;24537.86
8.9407;24537.86
8.8751;24537.86
9.1191;24537.86
8.9130;24537.86
8.9131;24537.86
9.1192;24537.86
9.1193;24537.86
8.8825;24537.86
8.8826;24537.86
8.8827;24537.86
9.1194;24537.86
8.8828;24537.86
8.8829;24537.86
8.8830;24537.86
8.8821;34380.82
8.8822;34380.82
9.0405;26991.28
9.1326;33159.6
8.9016;26953.46
8.9017;26953.46
9.1342;51832.92
85504.1118010;95081.92
85504.1118011;95081.92
6585.1112163-11;822.28
840.1112163;806.42
840.1115153-01;2763.2999999999997
840.1117010;18169.46
840.1117020;14208.119999999999
840.1117022;9692.9
842.1104373-10;3139.06
842.1108038;5002
842.1108045;5002
842.1115012-10;28673.66
842.1115014-10;35988.78
842.1115021-11;14211.779999999999
8421.1104382;5319.2
8421.1109048;29464.22
8421.1109052;9851.5
8421.1109057;579.5
8421.1109326;616.1
8421.1115158-20;4323.68
8421.1118220;4956.86
8423.1115014-10;29049.42
8481.1170200;184647
236-1306052-Б;512.4
236-1306053-А;281.82
236-1307010-А3;17499.68
236-1307023-Г;3901.56
236-1307032-Г;6556.28
236-1307212-Б3;3832.02
236-1307216-В2;1262.7
236-1308008;1751.92
236БК-1308011-Б2;44351.88
238-1308011-В2;44939.92
238-1308011-Г2;45054.6
238АК-1307010;15918.56
238НД-1308011-В2;45586.52
240-1303014-А;1278.56
240-1303014-А1;1130.94
240-1307010-А1;21581.8
656.1308011;46124.54
6565.1118358;525.8199999999999
658.1306052-30;753.96
658.1306053-10;329.4
658.1308011;46262.4
7511.1308011-31;45797.58
7601.1013740;725.9
7601.1013740-01;711.26
7511.1013740-01;768.6
8.8805;35232.38
8.8831;1038.22
9.1261;1177.3
9.1262;1161.44
9.1263;1328.58
9.1320;938.18
9.1321;1229.76
8.9086;806.42
236-1306100;2809.66
658.1306100;2038.62
8.9160;24842.86
8.9220;23833.92
8.9292;25857.899999999998
840.1303082;4444.46
840.1303084;2648.62
8401.1303294;2137.44
841.1303158;4371.26
841.1303160;4323.68
841.1303254;2763.2999999999997
841.1303256;2503.44
238АК-1308025;5557.099999999999
238АК-1308112;3402.58
841.1308112;6562.38
841.1308116;6932.04
841.1318044-10;21010.84
841.1318046;9827.1
841.1318048;616.1
841.1318078;1575.02
841.1318127;2143.54
842.1303101-10;10832.38
842.1303104;8130.08
842.1303105-10;11731.52
842.1303126;6153.68
842.1303166;4158.98
8423.1303104-10;10173.58
8423.1303130;10443.199999999999
8423.1303284-10;8968.22
8423.1303291;12019.44
8423.1303292;11774.22
8423.1307216;3402.58
8423.1308012-11;19962.86
238-1308652;1052.86
8423.1308652;4116.28
8423.1309010;6235.42
8423.1309012;2249.68
845.1308011-04;141601.74
8486.1308110-30;79134.08
850.1013694-01;10965.36
850.1013710-01;10205.3
850.1303016-01;7543.26
850.1303044;7875.099999999999
850.1303096-01;17830.3
850.1303162-10;3273.2599999999998
850.1303174;6869.82
850.1303322;14059.279999999999
850.1307010-01;39652.44
850.1307015;15753.859999999999
850.1308011-04;141601.74
6582.1306070-01;710.04
5336.3509012;39365.74
770.3509016-01;66978
240-3701034-Б;362.34
2501.3708200-03;25315
8.9490;23605.78
РС25-3708011;517.28
РС25-3708030;969.9
25.3708320;2719.38
25.3708800;9784.4
2501.3708050;1071.16
2502.3708600;6690.48
2502.3708600-10;6507.48
34 2839 1021;989.42
45 7371 0004;16117.42
45 7371 0013;18857.54
45 7371 0208;36631.72
45 7371 0212;36631.72
4573710-214;37166.08
45 7371 0463;35964.38
45 7371 0348;18849
45 7371 0547;13528.58
45 7371 0624;17919.36
45 7371 1153;16939.7
45 7371 0749;17743.68
45 7371 0491;15817.3
45 7371 0192;16699.36
45 7371 9738;16699.36
45 7371 0002;18561.079999999998
45 7371 0528;9030.44
45 7371 9807;14852.279999999999
45 7371 0697;14816.9
4573719-503;19877.46
45 7371 9785;11015.38
45 7371 9794;13461.48
45 7371 9808;15400.06
45 7371 9663;10093.06
45 7371 9599;15739.22
45 7371 9771;9658.74
8.9162;9781.96
8.9189;10814.08
8.9416;14564.36
8.9704;9102.42
8.9842;11070.28
9.0061;18615.98
845.3701010;61891.82
45 7373 3019;802.76
8.9828;290.36
8.8446;882.06
45 7374 8689;7269.98
45 7375 1663;84260.52
2551.3708000;52605.18
45 7375 1942;66775.48
45 7375 1945;84582.59999999999
45 7375 5044;1703.12
4573765-298;1217.56
8.8976;546.56
8.9524;1294.42
6562.3724010;9409.86
6582.3724010;9727.06
6565.3724010;8139.84
6585.3724010;7956.84
6565.3724012;11862.06
6585.3724012;14711.98
65802.3724012;12991.779999999999
65652.3724014;10565.199999999999
6585.3724014;12509.88
9.0404;24936.8
37 4231 3241;4670.16
15.1600010-10;194460.68
15.1601092;28216.16
15.1601125;19598.079999999998
15.1601129;43761.4
151.1601090-10;129928.78
161.1601130;43846.799999999996
161.1601131;41714.24
184.1601138-02;1462.78
184.1601138-10;1398.12
1840.1601180;11919.4
1846.1601180;9888.1
236-1601180-Б2;4701.88
236-1601270-Б;4.88
238-1601130-Б;15009.66
238-1601131;15009.66
8.8814;25534.6
8.9570;30224.28
201.1721180-50;18624.52
201.1701406;1805.6
201.1708269;908.9
201.1721334;201.29999999999998
201.1721390;1041.8799999999999
201.1721440;7631.099999999999
201.1721442;262.3
201.1722049-42;16538.32
201.1722050-41;11084.92
201.1722055;3295.22
201.1722057;2820.64
201.1722077;1346.8799999999999
201.1722094-40;370.88
202.1708230-40;4062.6
202.1721015-50;56372.54
202.1721157-40;15547.68
202.1721350-40;46157.479999999996
202.1721375-51;9264.68
202.1721386;5332.62
202.1721182-50;1152.8999999999999
202.1721203;383.08
202.1721240-40;7825.08
202.1721300-42;118819.45999999999
202.1721325-40;6198.82
202.1721330-50;1435.94
202.1721354-40;42031.44
236У-1702133;211.06
2381.1700004-06;633311.76
2381.1700004-07;643728.12
2381.1700004-36;649635.36
2381.1700004-45;621111.76
238.1701082;11295.98
238-1701121-10;3558.74
238-1701122;2091.08
238-1701140;10538.36
238-1701280;7833.62
238-1702060;1956.8799999999999
238-1702064;2138.66
238-1702074;1027.24
238К-1721240-01;17364.26
238М-1701048;26237.32
238М-1721428;13550.539999999999
238М-1701010-41;51969.56
238М-1701050;13971.44
238М.1701078;9215.88
238М-1701105;25937.2
238М-1701207-41;13128.42
238М-1701282;12606.26
238М.1721170-20;15370.779999999999
238М-1721252;1432.28
238М-1721312-50;57869.479999999996
238М-1721356;2832.84
238М.1721382-11;902.8
238М.1722020-50;26800.96
238М.1722038-50;3319.62
238Н-1701048;24694.02
238П-1702010;30803.78
239.1721243-02;2187.46
239.1721244-02;1729.96
239.1708307;40.26
239В.1721005;228599.94
239В.1721005-01;228599.94
8.9076;12602.6
8.9565;468.48
8.9321;35426.36
8.9322;35426.36
201-1105540-А2;323.3
236-1109080-А;7115.04
238Н-1109080;1753.1399999999999
238Н-1109080-01;1753.1399999999999
240-1017039-А2;489.21999999999997
6510.1109080;2824.2999999999997
6510.1109080-01;2824.2999999999997
7511.1117075;733.22
8.8987;317.2
8.8988;204.96
840.1012039-12;445.3
840.1012039-15;525.8199999999999
8421.1109010-24;11188.619999999999
8421.1109010-26;11507.039999999999
8421.1109080;1373.72
8421.1109080-01;1487.18
8.9561;2804.7799999999997
8.8946;7029.639999999999
46 1212 1322;163.48
4612121-624;256.2
46 1274 5487;2710.84
46 1294 5614;7404.18
46 1982 7140;225.7
46 2114 3185;4859.26
46 2213 6717;4056.5
46 2253 6674;1495.72
46 2292 6822;2171.6
46 1212 1626;244
46 1213 4169;263.52
46 2213 4790;1972.74
46 2532 1821;646.6
8.8259;2360.7
8.8260;2642.52
8.8261;1976.3999999999999
8.8263;3575.8199999999997
8.8264;3564.84
8.8265;3080.5
8.8266;2605.92
8.8315;1012.6
8.8402;3940.6
8.8618;4348.08
8.8775;481.9
8.8926;2066.68
8.8927;2359.48
8.8984;699.06
9.1071;884.5
8.9009;1091.8999999999999
8.9010;1115.08
8.9060;398.94
8.9061;301.34
8.9149;2192.34
8.9158;2827.96
8.9647;3707.58
8.9893;455.06
9.0026;4449.34
8.8667;549
236-3701170-10;136.64
238-1307170;318.42
238-3701170-10;184.22
238АК-1308170-03;1001.62
238АК-4611170-03;756.4
6585.3701170;357.46
6585.3701170-10;368.44
6585.3701170-20;392.84
65802.1308170-20;9180.5
65804.3701170;441.64
7511.1307170;307.44
65802.3509170-10;3950.36
7511.3509170;380.64
8.8769;1861.72
8401.1307170;546.56
8.9924;972.34
8401.3701170;344.04
850.3701170;331.84
8401.3701002-А;1210.24
236-3906004-10;5194.76
238-3906004-10;7111.38
240-3906004-10;8725.44
240Н-3906004-10;19459
200-1701021-А;85.39999999999999
201.1701230-А;971.12
201.1702276;233.01999999999998
201.1721413;290.36
201-1012083;58.56
201-1017122-Б;10.98
201-1105552-А;26.84
201-1117116-А;30.5
201-1117118;39.04
201-1306075-А;9.76
204А-1003278;28.06
210-1701230-А;506.3
22 4831 2800;84.17999999999999
236-1002023;84.17999999999999
236-1002024-А;37.82
236-1002040-А;87.84
236-1002284-Б4;23.18
236-1002258-А3;185.44
236-1002283-А;201.29999999999998
236-1002314-В;217.16
236-1003114-В2;28.06
236-1003114-Г;26.84
236-1003210-В7;951.6
236-1003270;294.02
236-1003292;9.76
236-1008050;50.019999999999996
236-1009040-А3;702.72
236-1011296;23.18
236-1012100;15.86
236-1014272;10.98
236-1028162;45.14
236-1028246;30.5
236-1029240-Б2;501.42
236-1109045-А;50.019999999999996
236-1115026;23.18
236-1115036-А2;82.96
236-1306054-А;17.08
236-1307048-А;34.16
236-1308108;20.74
236-1308108-Б;78.08
236-1601118-Б2;15.86
236-1701042-А;47.58
236-1702014;190.32
236-1702122-01;104.92
236-1704056-А;37.82
236У-1701203-01;259.86
238-1003210-В9;1213.8999999999999
238-1003270;353.8
238-1009040-А;772.26
238-1721250-А2;281.82
238-1722061;10.98
238-3708730;67.1
238АК-1002265;114.67999999999999
238АК-1002266;119.56
238Б-1029240-Б2;300.12
238Д-1003214-Б;344.04
238Д-1003215-Б;165.92
238Д-1003500;345.26
238Д-1003523-Б;101.25999999999999
238Д-1003524;37.82
238Н-1723290;76.86
238Ф-1115132;90.28
238Ф-1118225;9.76
238БК-1118322;398.94
238Ф-1118322;47.58
855.1118322;8.54
239.1702122-01;125.66
239.1722041-01;119.56
240-1002246;9.76
240-1002252;242.78
240-1002265-А2;242.78
240-1002314;242.78
240-1002324;9.76
240-1002504-Б;20.74
240-1003213;1638.46
240-1003213-А1;1376.16
240-1003270;276.94
240-1003270-Б;119.56
240-1005576;14.64
240-1005582-Б;7.32
240-1008027;54.9
240-1008098;54.9
240-1009040-А2;828.38
240-1009075-Б;4.88
240-1014128;18.3
240-1029178;20.74
240-1104336-Б;17.08
240-1104344-А;70.76
240-1104350;28.06
240-1115026-Б;67.1
240-1306054;14.64
240-1307038;9.76
240-1307086;17.08
240-1307090-А;376.98
240-3813856;12.2
25 3111 2158;15.86
25 3111 2196;43.92
25 3111 2198;20.74
25 3111 2219;56.12
25 3111 2299;31.72
25 3111 2308;37.82
25 3111 3268;28.06
25 3111 3634;30.5
25 3111 6063;29.28
25 3111 6144;91.5
25 3111 6149;82.96
25 3111 6152;75.64
25 3111 6239;98.82
25 3111 6594;230.57999999999998
336.1701534;223.26
336.1704019;223.26
658.1014147;10.98
658.1306054-01;102.48
6585.1104344;39.04
7511.1003213;1188.28
7511.1013638;52.46
7511.1013725;64.66
7511.1013742;179.34
7511.1104344;30.5
7511.1115036;273.28
7511.1003270-02;79.3
7601.1306075;10.98
840.1002406;4.88
840.1003213-02;2881.64
840.1003213-03;1612.84
840.1003270;119.56
85504.1003270;5664.46
85504.1008027;994.3
85504.1008045;1049.2
85504.1115132;1766.56
840.1005034-01;1712.8799999999999
840.1005034-02;1640.8999999999999
840.1009072;971.12
840.1011358;10.98
840.1012083-10;47.58
840.1012083-20;43.92
840.1014128;9.76
840.1029178-10;63.44
840.1115026;48.8
855.1003206-10;3295.22
855.1306024;31.72
855.1115026-10;1506.7
855.1115036-10;1216.34
855.1118414;530.6999999999999
840.1117186;136.64
840.1303164;12.2
840.1303214;20.74
240-1303268;18.3
7511.1303268;85.39999999999999
840.1303268;17.08
855.1303268;25.62
840.1303324;12.2
8401.1115314;40.26
8401.1303312;4.88
8401.1303099;40.26
850.1009072;967.4599999999999
238-1723026-01;10.98
238Н-1723031-01;18.3
238-1723169;9.76
240-1005586-01;53.68
8.9430;289.14
8.9431;236.68
8.9432;307.44
9.0028;536.8
200271-П29;13.42
200274-П29;26.84
200276-П29;28.06
200319-П29;89.06
200325-П29;30.5
200328-П29;35.38
200333-П29;50.019999999999996
200377-П29;47.58
201420-П29;7.32
201454-П29;15.86
201456-П29;13.42
201458-П29;14.64
201460-П29;6.1
201464-П29;13.42
201466-П29;13.42
201468-П29;13.42
201495-П29;12.2
201497-П29;12.2
201501-П29;17.08
201509-П29;18.3
201544-П29;20.74
201563-П29;20.74
201-3802043;8425.32
216281-П29;47.58
236-1028122;14.64
236-1028250-Б;686.86
236-3901010-В;5003.22
236-3902150-Б РЭ;239.12
236М2-3902020 КДС;645.38
236Н-3902150 РЭ;549
236НЕ-3902020 КДС;640.5
238АК-3902020;344.04
238Б-3902020 КДС;329.4
238БЕ-3902020;611.22
238БЭ-3902020;342.82
238ДЕ-3902150 РЭ;394.06
238НД-3902020;500.2
238НД-3902150 РЭ;151.28
240-1028102;10.98
240М2-3902020;740.54
250508-П29;8.54
250511-П29;15.86
250513-П29;12.2
250515-П29;14.64
250517-П29;13.42
250615-П29;9.76
250636-П29;17.08
250638-П29;12.2
251086-П29;4.88
252006-П29;4.88
252016-П29;15.86
252134-П2;2.44
252135-П2;2.44
252136-П2;10.98
252137-П2;14.64
252138-П2;17.08
252156-П2;2.44
310239-П29;456.28
42 7891 0022;13415.119999999999
45 9556 1057;29.28
6561.1030232-10;25173.48
6581.1030232-10;28245.44
8401.1030232;27601.28
6562.3902020-10 КДС;403.82
6581.3902020-10 КДС;437.98
7511.3902020;786.9
8.8396;218.38
8.8401;85.39999999999999
8.8405;57.339999999999996
8.8771;356.24
8.8874;412.36
238АК-4611212;4760.44
8.8972;165.92
8.8973;9.76
8.8991;229.35999999999999
8.8992;195.2
8.8994;151.28
8.8995;7.32
8.9128;219.6
8.9209;12.2
8.9211;43.92
8.9213;52.46
8.9237;79.3
8.9483;18.3
8.9546;52.46
8.9674;123.22
9.1332;1665.3
8.9759;64.66
9.0046;1108.98
236-1005178-А1;328.18
236-1005180-А1;256.2
840.1104514;58.56
840.1104446;183
0905.1702010;17637.54
0905.1702047;5289.92
0905.1702125;2230.16
0905.1702200-22;18290.239999999998
1205.1701127;9093.88
1205.1701131;7808
1205.1702039;5895.04
1205.1702064;988.1999999999999
1205.1702074;692.96
12059.1701100;296200.14
12059.1701105;27663.5
12059.1701554;1366.3999999999999
12059.1701048;11609.52
1509.1701047;54433.96
1509.1702021;6425.74
1509.1702039;6396.46
1609.1701047;54532.78
1609.1701100;285076.18
1609.1701132;8593.68
181.4200130-10;10955.6
182.1601090-03;25197.88
182.1601130-82;17494.8
183.1601006;27058.38
183.1601090-03;25166.16
184.1601218;29.28
184.4200079-10;6830.78
200-1702159-А;373.32
200272-П29;26.84
200273-П2;18.3
200320-П29;43.92
200321-П29;24.4
200324-П29;56.12
200326-П29;54.9
200379-П29;92.72
200397-П29;96.38
200401-П29;96.38
200407-П29;114.67999999999999
200411-П29;114.67999999999999
200455-П29;62.22
200460-П29;68.32
201.1708245;42.699999999999996
201-1006254;14.64
201-1307061-А;17.08
201416-П29;4.88
201418-П29;6.1
201422-П29;10.98
201452-П29;10.98
201456-П29ГМ;13.42
201473-П29;15.86
201474-П29;6.1
201505-П29;40.26
201565-П29;62.22
201567-П29;50.019999999999996
201680-П29;48.8
201687-П29;324.52
202119-П2;30.5
204-1108058;3.66
204-1308054;57.339999999999996
204А-1117125;4.88
206Д-1011055-А2;252.54
210-1701210-А4;814.96
214Т-3902057;40.26
216234-П29;244
216239-П29;17.08
216259-П29;24.4
216284-П29;63.44
216344-П2;92.72
216459-П29;204.96
216531-П29;265.96
216533-П29;78.08
216554-П29;209.84
216594-П29;62.22
220048-П29;2.44
220050-П29;2.44
220077-П2;2.44
220086-П29;2.44
2361.1701200-11;3674.64
2361.1701205-10;3296.44
2361.1701205-11;3467.24
236-1002175;757.62
236-1002256-В4;4646.98
236-1003114-В;34.16
236-1003257;6002.4
236-1003260-Б;2745
236-1003261-В;3789.3199999999997
236-1003262;4366.38
236-1003288-А3;6829.5599999999995
236-1003289-А3;6459.9
236-1005115-Р;41682.52
236-1007015-В5;976
236-1007090-Б4;2048.38
236-1007088-Б4;2150.86
236-1007140-В2;1398.12
236-1007182-Б;905.24
236-1011060;1733.62
236-1011202-А;2493.68
236-1011217-В2;602.68
236-1011293-В;869.86
236-1011358-А;10.98
236-1011364-Б;1004.06
236-1011371;81.74
236-1011400-Г2;1511.58
236-1012058;65.88
236-1028185;1883.68
236-1028224;4.88
236-1028242;1632.36
236-1029240;151.28
236-1104630;111.02
236-1106285;4.88
236-1109120;256.2
236-1306080-Б;755.18
236-1306084-А;613.66
236-1306084-А1;300.12
236-1306084-Б;1604.3
236-1306084-Б1;732
236-1307304-А;1550.62
236-1701047-10;52743.04
236-1701048-10;30024.2
236-1701075-А;10.98
236-1701228-Б;45.14
236-1701233-А2;95.16
236-1702015-Б2;9002.38
236-1702127-А;36.6
236-1704017-А2;4.88
236-1704088-Б;1823.8999999999999
236-1704128-01;270.84
236-3509316-В;1448.1399999999999
236-3701025-В;269.62
236-3802069-Б;2.44
236А-1011400;2479.04
236БЕ-1008042;5219.16
236БЕ-1008043;6157.34
236БЕ-1008482;8601
236БЕ-1115032-Ж;8089.82
236БЕ-1118220-Е;3053.66
236БЕ-1118340-Е;1927.6
236Д-1005026;3483.1
187.4200114;7232.16
236Д-1005122;8457.039999999999
236Д-3701790;311.09999999999997
236ДК-1002203;29034.78
236К-4200012;51174.119999999995
236К-4200130;12214.64
236К-4200140-10;473.36
236К-4200215;2538.82
236Л-1701047;42187.6
236Л-1701100;67623.38
236Н-1701025-Б;17890.079999999998
236Н-1701030-В;10767.72
236Н-1701047;40536.94
236НД2-1118220;2687.66
236НД2-1118220-Б;2691.32
236НД2-1118226;968.68
236НД2-1118226-Б;973.56
236НЕ-1308011-Ж;16724.98
236НЕ-1308780;35.38
236НЕ2-1009010;12096.3
236Т-1308012-А4;2790.14
236У-1701100;74495.64
2381.1701025;24469.54
2381.1701026;2089.86
2381.1701026-Г;2569.32
2381.1701026-Д;2575.42
2381.1701026-Е;2577.86
2381.1701041;7635.98
238-1003261-В2;5077.64
238-1003262;5250.88
238-1005115-Р;40863.9
238-1601006;27956.3
238-1601006-Г;26680.18
238-1601007;20963.26
238-1601007-В;20134.88
238-1601015-Б;19709.1
238-1721255-03;2169.16
238-1721258;473.36
238-1723026-02;4.88
238-1723029-Б;3.66
238-1723044;315.98
2382-1702222;3325.72
238АК-1002269-ГМ;417.24
238АК-1005516;35.38
238АК-1308121;997.9599999999999
238Б-1011058;53.68
238Б-1011066;107.36
238Б-1115012-В;9073.14
238БВ-1009010;10690.86
238БК-1115032;8470.46
238БК-1115132;369.65999999999997
238БК-1118245;1727.52
238БК-1118385;148.84
238ДК-1308025;6385.48
238ДК-4200110;735.66
238М-1723037;20.74
238Н-1017318;13.42
238Н-1601042;18.3
238Н-1601044;13.42
238Н-1722063;3.66
238Н-1723010-01;10781.14
238Н-1723036-01;4.88
238Н-1723045;307.44
238Н-1723047;47.58
238Н-1723048;2.44
238Н-1723049;2.44
238Н-1723170;20.74
238НБ-1001017;2906.04
238НБ-1017045-Б2;387.96
238НБ-1017071;15.86
238НБ-1118405-Б2;174.46
238НБ-1118411;71.98
238НД5-1001017;3042.68
238П-1005061-Б;4416.4
238У-1601008;21902.66
238У-1601008-В;21753.82
238У-1721242;1494.5
238Ф-1009010-В;9159.76
238Ф-1011399-А3;3014.62
239.1701025-10;20356.92
239.1701100;144521.19999999998
239.1702021;5902.36
239.1702039;5919.44
239.1702206;6154.9
239.1708230;1843.42
239.1721004-03;110989.5
239.1721004-12;110971.2
2391.1701100;131383.02
2391.1702121;1068.72
2393.1721004;195237.82
2393.1721004-10;119428.23999999999
240-1002260-В;20499.66
240-1005579-Б;7000.36
240-1005681;56.12
240-1011020-А;1882.46
240-1011021-А;1421.3
240-1017010-Б2;5612
240-1017048-Б;64.66
240-1017078-А;1927.6
240-1017100;17.08
240-1104368;4.88
240-1029170;3849.1
840.1029170;1937.36
240-1029314;12.2
240-1014120-А;68.32
240-1029320-Б;48.8
240-1104440-Б;164.7
240-1303018;29.28
240-1305013-Б;1065.06
240-1305025;65.88
240-1305030-Б;29.28
240-1305036;34.16
240-1305044;4.88
240-1307085-А;1211.46
240Б-1002260-Б;20627.76
240Б-1011399-А2;2232.6
240Б-1303178;1363.96
240Б-1307085;1080.92
240Н-1008504-А;68.32
240Н-1011092;3241.54
240Н-1011268-Б;3983.2999999999997
240Н-1011274;4.88
240Н-1017010-Б2;6373.28
240Н-1022860;20.74
240Н-1115048-Б;905.24
240Н-1115210;15.86
240Н-1117010-А;3067.08
240Т-1009050-Б;305
240Т-1009051-Б;279.38
25 3111 2023;12.2
25 3111 2066;18.3
25 3111 2076;29.28
25 3111 2188;108.58
25 3111 2192;96.38
25 3111 2228;87.84
25 3111 2302;98.82
25 3111 2511;78.08
25 3111 2566;54.9
25 3111 2624;18.3
25 3111 2666;24.4
25 3111 6264;156.16
25 6421 1301;384.3
25 6421 1402;267.18
25 6421 1403;951.6
250510-П29;6.1
250512-П2;19.52
250514-П29;18.3
250561-П29;2.44
250565-П29;68.32
250975-П2;76.86
252002-П29;6.1
252007-П29;7.32
252139-П2;15.86
252154-П2;3.66
252155-П2;861.3199999999999
252161-П2;10.98
258003-П29;3.66
258013-П29;34.16
258039-П29;3.66
258056-П29;7.32
258259-П29С;17.08
258282-П;26.84
262520-П29ГМ;174.46
288026-П29С;34.16
310001-П2;428.21999999999997
310012-П29;169.57999999999998
310025-П29;452.62
310035-П29;2288.72
310044-П29ГМ;259.86
310049-П;1171.2
310129-П2;35.38
310130-П2;41.48
310219-П29ГМ;52.46
310235-П29;3.66
310458-П29;48.8
311402-П2;1501.82
311416-П2;512.4
311526-П2;230.57999999999998
311906-П;1298.08
311912-П2;614.88
312210-П29;24.4
312324-П29;106.14
312334-П34;56.12
312357-П;31.72
312359-П29;23.18
312394-П2;48.8
312434-П;4.88
312692-П;125.66
312693-П2;268.4
312696-П29;34.16
313858-П;45.14
313862-П;42.699999999999996
313863-П;12.2
313869-П;15.86
313872-П;71.98
313874-П;12.2
313875-П;26.84
313876-П;64.66
313879-П;123.22
313881-П;259.86
313883-П;2.44
313885-П;93.94
313893-П;9.76
313894-П;48.8
313958-П;12.2
313985-П;29.28
313986-П;34.16
313987-П;18.3
313988-П;35.38
313991-П;18.3
313994-П;109.8
313999-П;54.9
314132-П2;239.12
316105-П29;230.57999999999998
316114-П29;79.3
316144-П2;485.56
316166-П;14.64
316181-П29;196.42
316195-П29;1604.3
316198-П29;218.38
316198-П29ГМ;218.38
316601-П2;396.5
316608-П2;284.26
316609-П29;381.86
316610-П29;387.96
316611-П29;451.4
316621-П29;96.38
316622-П29;429.44
316632-П29;483.12
318-85438;48.8
33.1702236;251.32
330.1702211;3568.5
330.1702214;1365.18
336.1701039;6777.099999999999
336.1702106;48.8
336.1702211-40;4033.3199999999997
336.1702214-40;1595.76
850.1002290;3921.08
336.1702233;162.26
336.1702243-20;2141.1
336.1704015;2742.56
336.1704050;102.48
336.1704088;1694.58
3361.1701240;6019.48
379737-П29;522.16
42.1111385-01;17.08
45 7375 1959;94020.52
45 7375 1968;63712.06
850.3708010-02;53566.54
45 7382 5365;612.4399999999999
45 7382 6592;195.2
45 7382 6651;2809.66
4573827-162;4782.4
45 9167 4007;24.4
45 9167 5005;50.019999999999996
45 9318 1126;122
45 9327 6141;164.7
45 9328 1200;505.08
45 9347 6523;107.36
45 9348 1557;62.22
45 9348 6561;61
45 9378 6163;17.08
45 9348 6738;325.74
45 9348 1666;62.22
45 9824 6256;156.16
45 9843 6413;104.92
45 9931 1132;15.86
46 1212 3774;290.36
46 9118 3960;2.44
46 9118 4560;3.66
46 9118 5560;4.88
46 9118 6660;9.76
46 9118 7960;24.4
6561.1030232-20;24629.36
6561.1115032;5448.5199999999995
6561.1130136-10;495.32
6561.1130150;577.06
6561.3724130;174.46
6561.3724140;218.38
6562.1104351;117.12
6562.1104358;117.12
6562.1104440;71.98
6562.1104440-10;81.74
6562.3724129;467.26
6565.1014196;12447.66
6565.1014216;1123.62
6565.1014266;451.4
6565.1112388;1962.98
6565.1112312;1226.1
6565.1115059;546.56
6565.1117152;383.08
6565.3724126;183
6565.3763132;481.9
65652.1115014;5820.62
65801.1005061-20;25221.059999999998
65654.1005061;14247.16
65854.1005061;20039.72
65654.1005115;44666.64
658.1008022-10;8681.52
658.1008025;9797.82
658.1008025-10;10473.699999999999
658.1008026;10810.42
658.1008026-10;9845.4
658.1008042;8392.38
658.1008042-10;9160.98
658.1008043;8956.02
658.1008043-10;9840.52
658.1008482;13879.94
658.1008482-10;16365.08
658.1009002;973.56
658.1009050;298.9
850.1009047;2020.32
658.1012015;4216.32
658.1118385;1168.76
658.3701794;821.06
6581.1009059;1022.36
6581.1115032;5958.48
6582.1014196;12250.02
6582.1014216-01;1510.36
6585.1014142;1769
6585.1014196;12362.26
6585.1014216;1177.3
6585.1014266;694.18
6565.1104357;124.44
6585.1022815;129.32
6585.1104354;125.66
6585.1104359;344.04
65804.1104415;1295.6399999999999
6585.1104415;1237.08
6585.1111322;106.14
6585.1115020;7206.54
6585.1115020-10;7476.16
6585.1115021;7923.9
6585.1115021-10;7898.28
6585.3724126;198.85999999999999
6585.3763130;2275.2999999999997
6585.3763130-10;1432.28
6585.3763132;479.46
65854.8114114;12080.44
740.1108040;56.12
7511.1029135-10;1017.48
7511.1306084-01;538.02
7511.1306084-02;348.92
7511.1307111;370.88
7511.1307180;1600.6399999999999
7511.1307184-01;441.64
7511.1308025-40;3463.58
7511.3509111;334.28
7511.3509194;71.98
7511.3509308;772.26
7511.3509312;1701.8999999999999
7514.1111558-20;961.36
7601.1111558;3222.02
7601.1115059;702.72
7601.1303134-10;2285.06
7601.1303137-10;1154.12
7601.1303142;54.9
7601.1303130;10984.88
7601.1303160;14450.9
7601.1303162;7204.099999999999
7601.1306080-20;6629.48
7601.1306084-01;890.6
7601.1306084-02;411.14
8.8246;328.18
8.8247;811.3
8.8258;21.96
8.8281;364.78
8.8323;3605.1
8.8387;146.4
8.8389;281.82
8.8393;67.1
8.8394;315.98
8.8397;157.38
8.8514;17677.8
8.8515;10.98
8.8682;13814.06
8.8847;2277.74
8.8848;3912.54
8.8849;1041.8799999999999
8.8934;405.03999999999996
8.8948;2.44
8.8979;12555.02
8.8980;13045.46
8.8981;89.06
8.8986;30277.96
8.9062;24.4
8.9075;20647.28
8.9079;616.1
8.9080;190.32
8.9085;252.54
8.9089 ГМ;43.92
8.9101;24.4
8.9104;50.019999999999996
8.9106;35.38
8.9109;20.74
8.9110;51.24
8.9127;186.66
8.9153;18392.72
8.9154;9.76
8.9163;8979.199999999999
8.9168;297.68
8.9187;54.9
8.9226;14.64
8.9229;24.4
8.9234;30.5
8.9238;41.48
8.9239;43.92
8.9240;65.88
8.9326;10.98
8.9327;15.86
9.0263;31.72
8.9332;13.42
8.9356;15.86
8.9359;21.96
8.9372;39.04
8.9384;1400.56
8.9401;13.42
8.9409;470.92
8.9418;80.52
8.9424;11820.58
8.9434;10.98
8.9467;28807.86
8.9469;24919.72
8.9470;111.02
8.9471;137.85999999999999
8.9491;53.68
8.9512;28694.399999999998
43006.1601090;23859.54
43036.1601130;18840.46
43006.1601180;6801.5
8.9526;273.28
8.9633;866.1999999999999
8.8671;756.4
8.9634;756.4
8.9636;129.32
8.9667;2070.34
43006.1601130-05;21501.28
8.9697;29488.62
236НЕ2-1308010;24997.8
236БЕ2-1308010;23367.88
236БК-1308010;23367.88
236БИ-1308010;23367.88
6585.1308010;122262.3
7511.1308010;23855.88
7514.1308010;26242.2
8.9801;1260.26
8.9802;1013.8199999999999
8.9901;923.54
8.9925;222.04
8.9926;134.2
8.9928;225.7
9.0635;57.339999999999996
9.0637;61
9.0638;67.1
9.0641;87.84
8.9598;89.06
8.9929;142.74
8.9980;2949.96
80.1111169-01;469.7
840.1001017;9342.76
840.1002314;268.4
840.1002437;3.66
840.1004062;1310.28
840.1004064;440.42
840.1005023;1916.62
840.1005186;780.8
840.1005187;727.12
840.1005440;13908
840.1005525;1470.1
840.1005674;3668.54
840.1005678;3053.66
840.1007010-21;1394.46
840.1007012-23;3867.4
840.1007174-02;2704.74
840.1007174-20;2704.74
840.1007176-02;2625.44
840.1007176-20;2625.44
840.1007180-10;9404.98
840.1007258;40.26
840.1003466;2738.9
840.1009010-10;78986.45999999999
850.1009010;29796.059999999998
840.1009140;81.74
840.1009143;10.98
840.1011366;7.32
840.1011398-10;3651.46
840.1011430;4.88
840.1011544;10.98
840.1014107;1533.54
840.1014107-10;1484.74
840.1014136;61
840.1014182;3450.16
840.1022860;34.16
840.1028025;10.98
840.1029142;655.14
840.1029286-10;8304.539999999999
840.1029288-10;2192.34
840.1108045;1880.02
840.1108072;575.84
840.1112400-10;2352.16
840.1112410-11;2409.5
840.1112420-10;2330.2
840.1112430-10;2330.2
840.1112440-10;2330.2
840.1112450-10;2330.2
840.1112460-10;2330.2
840.1112480-10;2319.22
840.1112490-10;2644.96
840.1112500-11;2629.1
840.1112510-10;2644.96
840.1112522;107.36
840.1112528;103.7
840.1104484;21.96
840.1112534;54.9
840.1112546;613.66
840.1112548;62.22
840.1117030-01;315.98
840.1303024;4.88
855.1303024;20.74
840.1303150;7603.04
840.1303162;450.18
840.1303272;30.5
840.1307180;2871.88
840.1307206;1326.1399999999999
840.3509294;334.28
840.3509403-10;10.98
840.3701706;342.82
840.3701712;374.53999999999996
840.3701716;1538.42
840.3701718-01;3007.2999999999997
840.3813856;3.66
8401.1004001-01;16749.38
8401.1013600;74644.48
8401.1013600-10;75048.3
8401.1013604;276.94
8401.1013700;642.9399999999999
8401.1115025;8786.44
8401.1115334;23.18
8401.1118208-30;6418.42
8401.1118385-01;1568.92
8401.1170048-01;989.42
8401.1170212-40;29309.28
8401.1170256-01;762.5
8401.1170294-10;4241.94
8401.1170324;32.94
8401.1303172;69.53999999999999
8401.1303179;5472.92
8401.1303279;5156.94
8401.1303279-10;5061.78
8401.1303280;4961.74
8401.1303283-10;3745.4
8401.1303295-10;3225.68
8401.1303299-10;3337.92
8401.1303314;53.68
8401.3509279;684.42
8401.3509401;10.98
8401.3509436;2.44
8401.3708704-10;2296.04
841.1002350;996.74
841.1002351;996.74
841.1002513;3.66
841.1029588;954.04
842.1005121;6235.42
842.1009126;18.3
842.1022815;179.34
842.1305028;326.96
845.1002260-01;77806.72
845.1005589;2348.5
845.1013600-01;82885.58
845.1013600-10;82885.58
845.1130150;872.3
845.1303105-10;12346.4
845.1303162;19512.68
845.1303167;6209.8
845.1303167-01;2598.6
845.1303206;9165.86
845.1303208;10360.24
845.1303322;14735.16
845.1303323;190.32
845.1307010;42797.6
855.1307010-10;42122.94
845.1307095;1283.44
845.1308754-10;962.5799999999999
845.1309063;263.52
845.1309070-10;294.02
65802.1308102;29391.02
65802.3701782-10;11672.96
65802.3701784-10;15755.08
845.3701051;4987.36
845.3701774;1514.02
851.3724010;30055.92
845.3724010;26345.899999999998
846.1029220;62209.02
847.1104433;978.4399999999999
847.1118220;2754.7599999999998
847.1118221;2754.7599999999998
847.1303087;5626.64
847.1303155;6719.76
850.1002260;72305.74
850.1002264;54898.78
850.1002518;330.62
850.1002520;34.16
850.1005589;4444.46
850.1012192;485.56
850.1013091;231.79999999999998
850.1013600-10;79096.26
850.1013620;26907.1
850.1029100;27196.239999999998
850.1029175;6175.639999999999
840.1003434;106.14
850.1029296;97.6
850.1108047-01;18.3
850.1108050;1355.42
850.1117144;111.02
850.1117204;664.9
850.1303098-10;1193.16
850.1303099;29.28
855.1002024;721.02
855.1002040;1396.8999999999999
855.1029205;854
855.1303040;96.38
855.1115288;198.85999999999999
855.1115294;552.66
85504.1002268;236.68
85504.1115296;192.76
85504.3707652-12;4191.92
85504.3707622-04;10923.88
85504.3707640;21551.3
85504.4407010;354932.16
85504.4413037;136171.52
850.1303186;3961.3399999999997
850.1307090-01;247.66
850.1309010;8152.04
850.1309068;769.8199999999999
850.1309071;1409.1
8501.1115232;135.42
8502.1002312;63823.08
8502.1002312-28;64148.82
8502.1005118;97956.23999999999
8502.1012010-10;23855.88
8502.1012015;23470.36
8502.1012015-10;23078.739999999998
8502.1012192-01;498.97999999999996
8502.1012192-10;527.04
8502.1111322-28;535.58
8502.1130142-28;784.46
8502.1303105-28;11851.08
6585.3724010-04;9418.4
8502.3724010-28;12589.18
855.1008016;12474.5
855.1008022;12140.22
855.1008025;9189.039999999999
855.1008026;8554.64
855.1008044;4378.58
855.1008131;4077.24
855.1008132;4154.1
855.1008085;456.28
874505-П29;12.2
9.0610;84.17999999999999
9.1119;2920.68
9.1157;2558.34
9.1162;139.07999999999998
9.1165;74.42
9.1187;2677.9
9.1287;1077.26
9.1343;455.06
9.1550;2814.54
9.1551;5847.46
9.1552;3956.46
9.1553;7798.24
ЧР-10114-1;21289
ЧР-10557;2385.1
ЧР-9798-10;2580.2999999999997